timestamp,metric,value
2026-07-14T05:31:12.049352+00:00,ifInOctets,455913
2026-07-14T05:31:12.049352+00:00,ifOutOctets,782461
2026-07-14T05:31:28.093325+00:00,ifInOctets,472644
2026-07-14T05:31:28.093325+00:00,ifOutOctets,823931
2026-07-14T05:31:44.370545+00:00,ifInOctets,482680
2026-07-14T05:31:44.370545+00:00,ifOutOctets,851729
2026-07-14T05:32:00.596766+00:00,ifInOctets,489562
2026-07-14T05:32:00.596766+00:00,ifOutOctets,877086
2026-07-14T05:32:16.733516+00:00,ifInOctets,498245
2026-07-14T05:32:16.733516+00:00,ifOutOctets,904130
2026-07-14T05:32:32.908025+00:00,ifInOctets,506827
2026-07-14T05:32:32.908025+00:00,ifOutOctets,936724
2026-07-14T05:32:48.990504+00:00,ifInOctets,512817
2026-07-14T05:32:48.990504+00:00,ifOutOctets,961666
2026-07-14T05:33:05.275556+00:00,ifInOctets,518927
2026-07-14T05:33:05.275556+00:00,ifOutOctets,988511
2026-07-14T05:33:21.297036+00:00,ifInOctets,525748
2026-07-14T05:33:21.297036+00:00,ifOutOctets,1013453
2026-07-14T05:33:37.623528+00:00,ifInOctets,533774
2026-07-14T05:33:37.623528+00:00,ifOutOctets,1045549
2026-07-14T05:33:54.214934+00:00,ifInOctets,541884
2026-07-14T05:33:54.214934+00:00,ifOutOctets,1072642
2026-07-14T05:34:10.499658+00:00,ifInOctets,549132
2026-07-14T05:34:10.499658+00:00,ifOutOctets,1097808
2026-07-14T05:34:26.784160+00:00,ifInOctets,556305
2026-07-14T05:34:26.784160+00:00,ifOutOctets,1124271
2026-07-14T05:34:42.972423+00:00,ifInOctets,563520
2026-07-14T05:34:42.972423+00:00,ifOutOctets,1156367
2026-07-14T05:34:59.182301+00:00,ifInOctets,569851
2026-07-14T05:34:59.182301+00:00,ifOutOctets,1181409
2026-07-14T05:35:15.419897+00:00,ifInOctets,577640
2026-07-14T05:35:15.419897+00:00,ifOutOctets,1207636
2026-07-14T05:35:31.650135+00:00,ifInOctets,583916
2026-07-14T05:35:31.650135+00:00,ifOutOctets,1232778
2026-07-14T05:35:47.777753+00:00,ifInOctets,592523
2026-07-14T05:35:47.777753+00:00,ifOutOctets,1265206
2026-07-14T05:36:03.850432+00:00,ifInOctets,599258
2026-07-14T05:36:03.850432+00:00,ifOutOctets,1291869
2026-07-14T05:36:19.929906+00:00,ifInOctets,606979
2026-07-14T05:36:19.929906+00:00,ifOutOctets,1316811
2026-07-14T05:36:35.962941+00:00,ifInOctets,613401
2026-07-14T05:36:35.962941+00:00,ifOutOctets,1343364
2026-07-14T05:36:51.964358+00:00,ifInOctets,619990
2026-07-14T05:36:51.964358+00:00,ifOutOctets,1368223
2026-07-14T05:37:07.967299+00:00,ifInOctets,628125
2026-07-14T05:37:07.967299+00:00,ifOutOctets,1400485
2026-07-14T05:37:23.977841+00:00,ifInOctets,636778
2026-07-14T05:37:23.977841+00:00,ifOutOctets,1425676
2026-07-14T05:37:40.225332+00:00,ifInOctets,645736
2026-07-14T05:37:40.225332+00:00,ifOutOctets,1453003
2026-07-14T05:37:56.267405+00:00,ifInOctets,653779
2026-07-14T05:37:56.267405+00:00,ifOutOctets,1478477
2026-07-14T05:38:12.393035+00:00,ifInOctets,662407
2026-07-14T05:38:12.393035+00:00,ifOutOctets,1505621
2026-07-14T05:38:28.649790+00:00,ifInOctets,671565
2026-07-14T05:38:28.649790+00:00,ifOutOctets,1537800
2026-07-14T05:38:45.308544+00:00,ifInOctets,677736
2026-07-14T05:38:45.308544+00:00,ifOutOctets,1562922
2026-07-14T05:39:01.620321+00:00,ifInOctets,684964
2026-07-14T05:39:01.620321+00:00,ifOutOctets,1590201
2026-07-14T05:39:17.907504+00:00,ifInOctets,694734
2026-07-14T05:39:17.907504+00:00,ifOutOctets,1622844
2026-07-14T05:39:34.084335+00:00,ifInOctets,700496
2026-07-14T05:39:34.084335+00:00,ifOutOctets,1647703
2026-07-14T05:39:50.270454+00:00,ifInOctets,706245
2026-07-14T05:39:50.270454+00:00,ifOutOctets,1674166
2026-07-14T05:40:07.030768+00:00,ifInOctets,711947
2026-07-14T05:40:07.030768+00:00,ifOutOctets,1699025
2026-07-14T05:40:23.082156+00:00,ifInOctets,721605
2026-07-14T05:40:23.082156+00:00,ifOutOctets,1731470
2026-07-14T05:40:39.319455+00:00,ifInOctets,727713
2026-07-14T05:40:39.319455+00:00,ifOutOctets,1757933
2026-07-14T05:40:55.598173+00:00,ifInOctets,733596
2026-07-14T05:40:55.598173+00:00,ifOutOctets,1782792
2026-07-14T05:41:11.685838+00:00,ifInOctets,739512
2026-07-14T05:41:11.685838+00:00,ifOutOctets,1809428
2026-07-14T05:41:27.952027+00:00,ifInOctets,748292
2026-07-14T05:41:27.952027+00:00,ifOutOctets,1841607
2026-07-14T05:41:44.231185+00:00,ifInOctets,754499
2026-07-14T05:41:44.231185+00:00,ifOutOctets,1866632
2026-07-14T05:42:00.458276+00:00,ifInOctets,761399
2026-07-14T05:42:00.458276+00:00,ifOutOctets,1893042
2026-07-14T05:42:16.636160+00:00,ifInOctets,769158
2026-07-14T05:42:16.636160+00:00,ifOutOctets,1918018
2026-07-14T05:42:32.976167+00:00,ifInOctets,777518
2026-07-14T05:42:32.976167+00:00,ifOutOctets,1950363
2026-07-14T05:42:49.061879+00:00,ifInOctets,783640
2026-07-14T05:42:49.061879+00:00,ifOutOctets,1976975
2026-07-14T05:43:05.269262+00:00,ifInOctets,790788
2026-07-14T05:43:05.269262+00:00,ifOutOctets,2002166
2026-07-14T05:43:21.417829+00:00,ifInOctets,799689
2026-07-14T05:43:21.417829+00:00,ifOutOctets,2034533
2026-07-14T05:43:37.434987+00:00,ifInOctets,806757
2026-07-14T05:43:37.434987+00:00,ifOutOctets,2061009
2026-07-14T05:43:53.882746+00:00,ifInOctets,816827
2026-07-14T05:43:53.882746+00:00,ifOutOctets,2093665
2026-07-14T05:44:10.158731+00:00,ifInOctets,826542
2026-07-14T05:44:10.158731+00:00,ifOutOctets,2119437
2026-07-14T05:44:26.233547+00:00,ifInOctets,833256
2026-07-14T05:44:26.233547+00:00,ifOutOctets,2146315
2026-07-14T05:44:42.513394+00:00,ifInOctets,840813
2026-07-14T05:44:42.513394+00:00,ifOutOctets,2171589
2026-07-14T05:44:58.527516+00:00,ifInOctets,852826
2026-07-14T05:44:58.527516+00:00,ifOutOctets,2205573
2026-07-14T05:45:14.876667+00:00,ifInOctets,862613
2026-07-14T05:45:14.876667+00:00,ifOutOctets,2232373
2026-07-14T05:45:31.156245+00:00,ifInOctets,868483
2026-07-14T05:45:31.156245+00:00,ifOutOctets,2257331
2026-07-14T05:45:47.341620+00:00,ifInOctets,874232
2026-07-14T05:45:47.341620+00:00,ifOutOctets,2283900
2026-07-14T05:46:03.469228+00:00,ifInOctets,881799
2026-07-14T05:46:03.469228+00:00,ifOutOctets,2316696
2026-07-14T05:46:19.800110+00:00,ifInOctets,888862
2026-07-14T05:46:19.800110+00:00,ifOutOctets,2341053
2026-07-14T05:46:35.831307+00:00,ifInOctets,894878
2026-07-14T05:46:35.831307+00:00,ifOutOctets,2367698
2026-07-14T05:46:51.841791+00:00,ifInOctets,901781
2026-07-14T05:46:51.841791+00:00,ifOutOctets,2392573
2026-07-14T05:47:08.029861+00:00,ifInOctets,909294
2026-07-14T05:47:08.029861+00:00,ifOutOctets,2419599
2026-07-14T05:47:24.112874+00:00,ifInOctets,919287
2026-07-14T05:47:24.112874+00:00,ifOutOctets,2451977
2026-07-14T05:47:40.185012+00:00,ifInOctets,927758
2026-07-14T05:47:40.185012+00:00,ifOutOctets,2477550
2026-07-14T05:47:56.258354+00:00,ifInOctets,935364
2026-07-14T05:47:56.258354+00:00,ifOutOctets,2504561
2026-07-14T05:48:12.329943+00:00,ifInOctets,944572
2026-07-14T05:48:12.329943+00:00,ifOutOctets,2530024
2026-07-14T05:48:28.412247+00:00,ifInOctets,951940
2026-07-14T05:48:28.412247+00:00,ifOutOctets,2554995
2026-07-14T05:48:44.695546+00:00,ifInOctets,959913
2026-07-14T05:48:44.695546+00:00,ifOutOctets,2587091
2026-07-14T05:49:00.869407+00:00,ifInOctets,967117
2026-07-14T05:49:00.869407+00:00,ifOutOctets,2614068
2026-07-14T05:49:17.154647+00:00,ifInOctets,975425
2026-07-14T05:49:17.154647+00:00,ifOutOctets,2639524
2026-07-14T05:49:33.432619+00:00,ifInOctets,982563
2026-07-14T05:49:33.432619+00:00,ifOutOctets,2666435
2026-07-14T05:49:49.668608+00:00,ifInOctets,990332
2026-07-14T05:49:49.668608+00:00,ifOutOctets,2698311
2026-07-14T05:50:05.893483+00:00,ifInOctets,995946
2026-07-14T05:50:05.893483+00:00,ifOutOctets,2723186
2026-07-14T05:50:22.108860+00:00,ifInOctets,1003834
2026-07-14T05:50:22.108860+00:00,ifOutOctets,2749772
2026-07-14T05:50:38.186587+00:00,ifInOctets,1009946
2026-07-14T05:50:38.186587+00:00,ifOutOctets,2774911
2026-07-14T05:50:54.420817+00:00,ifInOctets,1019911
2026-07-14T05:50:54.420817+00:00,ifOutOctets,2807604
2026-07-14T05:51:10.615694+00:00,ifInOctets,1029514
2026-07-14T05:51:10.615694+00:00,ifOutOctets,2834515
2026-07-14T05:51:26.901740+00:00,ifInOctets,1035261
2026-07-14T05:51:26.901740+00:00,ifOutOctets,2859605
2026-07-14T05:51:43.177155+00:00,ifInOctets,1042304
2026-07-14T05:51:43.177155+00:00,ifOutOctets,2884746
2026-07-14T05:52:00.276100+00:00,ifInOctets,1049444
2026-07-14T05:52:00.276100+00:00,ifOutOctets,2916858
2026-07-14T05:52:16.311711+00:00,ifInOctets,1059191
2026-07-14T05:52:16.311711+00:00,ifOutOctets,2946329
2026-07-14T05:52:33.551883+00:00,ifInOctets,1065892
2026-07-14T05:52:33.551883+00:00,ifOutOctets,2971360
2026-07-14T05:52:49.798497+00:00,ifInOctets,1074141
2026-07-14T05:52:49.798497+00:00,ifOutOctets,3003409
2026-07-14T05:53:06.126064+00:00,ifInOctets,1081333
2026-07-14T05:53:06.126064+00:00,ifOutOctets,3028882
2026-07-14T05:53:22.360709+00:00,ifInOctets,1090468
2026-07-14T05:53:22.360709+00:00,ifOutOctets,3056191
2026-07-14T05:53:38.525067+00:00,ifInOctets,1101194
2026-07-14T05:53:38.525067+00:00,ifOutOctets,3089361
2026-07-14T05:53:54.571577+00:00,ifInOctets,1106930
2026-07-14T05:53:54.571577+00:00,ifOutOctets,3114091
2026-07-14T05:54:10.789413+00:00,ifInOctets,1116683
2026-07-14T05:54:10.789413+00:00,ifOutOctets,3141168
2026-07-14T05:54:27.125675+00:00,ifInOctets,1122753
2026-07-14T05:54:27.125675+00:00,ifOutOctets,3166209
2026-07-14T05:54:43.259547+00:00,ifInOctets,1129479
2026-07-14T05:54:43.259547+00:00,ifOutOctets,3192937
2026-07-14T05:54:59.464372+00:00,ifInOctets,1137939
2026-07-14T05:54:59.464372+00:00,ifOutOctets,3225398
2026-07-14T05:55:15.760296+00:00,ifInOctets,1146312
2026-07-14T05:55:15.760296+00:00,ifOutOctets,3250778
2026-07-14T05:55:31.790890+00:00,ifInOctets,1154770
2026-07-14T05:55:31.790890+00:00,ifOutOctets,3277892
2026-07-14T05:55:47.963761+00:00,ifInOctets,1162870
2026-07-14T05:55:47.963761+00:00,ifOutOctets,3302980
2026-07-14T05:56:04.299742+00:00,ifInOctets,1171802
2026-07-14T05:56:04.299742+00:00,ifOutOctets,3335558
2026-07-14T05:56:20.336240+00:00,ifInOctets,1180043
2026-07-14T05:56:20.336240+00:00,ifOutOctets,3362386
2026-07-14T05:56:36.451529+00:00,ifInOctets,1187559
2026-07-14T05:56:36.451529+00:00,ifOutOctets,3387478
2026-07-14T05:56:52.718472+00:00,ifInOctets,1194915
2026-07-14T05:56:52.718472+00:00,ifOutOctets,3412834
2026-07-14T05:57:08.812802+00:00,ifInOctets,1203588
2026-07-14T05:57:08.812802+00:00,ifOutOctets,3444946
2026-07-14T05:57:25.098199+00:00,ifInOctets,1209784
2026-07-14T05:57:25.098199+00:00,ifOutOctets,3471598
2026-07-14T05:57:41.226853+00:00,ifInOctets,1216551
2026-07-14T05:57:41.226853+00:00,ifOutOctets,3496722
2026-07-14T05:57:57.555058+00:00,ifInOctets,1224638
2026-07-14T05:57:57.555058+00:00,ifOutOctets,3524031
2026-07-14T05:58:13.727356+00:00,ifInOctets,1236959
2026-07-14T05:58:13.727356+00:00,ifOutOctets,3557716
2026-07-14T05:58:29.917731+00:00,ifInOctets,1243637
2026-07-14T05:58:29.917731+00:00,ifOutOctets,3582446
2026-07-14T05:58:46.145103+00:00,ifInOctets,1252186
2026-07-14T05:58:46.145103+00:00,ifOutOctets,3609755
2026-07-14T05:59:02.271504+00:00,ifInOctets,1259283
2026-07-14T05:59:02.271504+00:00,ifOutOctets,3634477
2026-07-14T05:59:18.558605+00:00,ifInOctets,1267470
2026-07-14T05:59:18.558605+00:00,ifOutOctets,3659850
2026-07-14T05:59:34.730643+00:00,ifInOctets,1275658
2026-07-14T05:59:34.730643+00:00,ifOutOctets,3692394
2026-07-14T05:59:51.875889+00:00,ifInOctets,1284273
2026-07-14T05:59:51.875889+00:00,ifOutOctets,3719627
2026-07-14T06:00:08.010748+00:00,ifInOctets,1291110
2026-07-14T06:00:08.010748+00:00,ifOutOctets,3745211
2026-07-14T06:00:24.196895+00:00,ifInOctets,1301145
2026-07-14T06:00:24.196895+00:00,ifOutOctets,3777755
2026-07-14T06:00:40.371384+00:00,ifInOctets,1309190
2026-07-14T06:00:40.371384+00:00,ifOutOctets,3804600
2026-07-14T06:00:56.654471+00:00,ifInOctets,1314980
2026-07-14T06:00:56.654471+00:00,ifOutOctets,3829558
2026-07-14T06:01:12.940737+00:00,ifInOctets,1322326
2026-07-14T06:01:12.940737+00:00,ifOutOctets,3856252
2026-07-14T06:01:29.064023+00:00,ifInOctets,1329350
2026-07-14T06:01:29.064023+00:00,ifOutOctets,3881642
2026-07-14T06:01:45.391840+00:00,ifInOctets,1338627
2026-07-14T06:01:45.391840+00:00,ifOutOctets,3914335
2026-07-14T06:02:01.433476+00:00,ifInOctets,1345255
2026-07-14T06:02:01.433476+00:00,ifOutOctets,3940759
2026-07-14T06:02:17.753024+00:00,ifInOctets,1353257
2026-07-14T06:02:17.753024+00:00,ifOutOctets,3965824
