family,rare_boost,exam_macro_f1,exam_mean_rare_recall,val_macro_f1,gate_thr
plain,1.0,0.7004449064216838,0.4464285714285714,0.7336071512092583,0.6
plain,1.5,0.7016557801975596,0.4714285714285714,0.7336790787444057,0.6
plain,2.0,0.6956669540831735,0.4714285714285714,0.7206672063995863,0.6
wm,1.0,0.6900368728139371,0.39285714285714285,0.7280269909088568,0.6
wm,1.5,0.690021409571995,0.42619047619047623,0.7096349935435515,0.6
wm,2.0,0.6834442362906099,0.39285714285714285,0.7186143136132193,0.6
moe,1.0,0.662125999506276,0.4714285714285714,0.6712513619821847,0.6
moe,1.5,0.6616881392455738,0.4630952380952381,0.661086037569281,0.6
moe,2.0,0.6605907107187351,0.4714285714285714,0.6643823684164704,0.6
