ts_unix,latency_gre_ms,latency_eth0_ms,jitter_gre_ms,loss_gre_pct,util_gre_mbps,net_bytes_recv_eth0,net_bytes_sent_eth0,cpu_usage_system,cpu_usage_user,mem_used_percent,bgp_flap_count,netflow_bulk_bytes,netflow_voice_bytes,ipsec_rekey_events_1h,ipsec_rekey_anomaly,htb_payload_ceil_mbps,path_asymmetry
1703630000,0.36526354088516844,0.2614854376593371,0.08167565224984467,0.0,0.19817240094507893,1080389736.1602988,632529255.8068981,12.672328173428212,11.57111802715134,8.840619179749604,5057.0,0.0,0.0,51.0,1.0,34.0,0.10377810322583131
1703630001,0.3336846515048847,0.3609126637628711,0.06580844647595294,0.0,0.2797058043249555,1080608927.3130136,632586024.7783796,13.260975731035261,14.343964712849411,8.692259276421547,5057.0,0.0,0.0,42.0,1.0,34.0,0.027228012257986434
1703630002,0.3173025143036646,0.29250578003902916,0.010321061953665746,0.0,0.1960948443803611,1080733261.816832,632665711.9261165,12.809286895911999,9.367752947295605,8.997451963039898,5057.0,0.0,0.0,50.0,1.0,34.0,0.02479673426463541
1703630003,0.28908788541659347,0.29219400902096876,0.05330051402416681,0.0,0.250788376444807,1080935141.456318,632773599.787553,17.09553653749306,16.120136314697593,8.714848265520956,5057.0,0.0,0.0,48.0,1.0,34.0,0.0031061236043752882
1703630004,0.24525892501529745,0.2698427440870829,0.03977828911715938,0.0,0.15758044454493508,1081133465.3794072,632929340.0211337,18.493240394516363,11.562711719395521,8.75187849344837,5057.0,0.0,0.0,49.0,1.0,34.0,0.024583819071785473
1703630005,0.3344977649864204,0.3266247796688017,0.024080835234862867,0.0,0.22155165667762147,1081239236.3176734,633008653.9425738,11.872273326338215,11.76063876351909,8.830739993106992,5057.0,0.0,0.0,50.0,1.0,34.0,0.007872985317618708
1703630006,0.3065400673462944,0.3032990922202328,0.048571870879007994,0.0,0.3051799043221992,1081450325.1794562,633105616.3491045,16.655838205654025,10.224144533873606,9.012939155705904,5057.0,0.0,0.0,54.0,1.0,34.0,0.003240975126061585
1703630007,0.32368001899676574,0.23523323536212076,0.0269091498869685,0.0,0.1887362981211432,1081648189.8267744,633223113.4478652,14.907976917908963,9.264438476417036,8.762937720916188,5057.0,0.0,0.0,41.0,1.0,34.0,0.08844678363464498
1703630008,0.2388482869583843,0.30847825176997673,0.03584795625372014,0.0,0.16071706192290044,1081844618.1182003,633387039.4291587,9.200720606784117,5.692703938597889,8.928838162572044,5057.0,0.0,0.0,40.0,1.0,34.0,0.06962996481159242
1703630009,0.30379811343725904,0.3189740988612162,0.04445260286880092,0.0,0.33500828807752503,1081928650.3552184,633544093.2370113,13.529445267639014,6.4521082764085085,8.73037292768864,5057.0,0.0,0.0,48.0,1.0,34.0,0.01517598542395715
1703630010,0.3305480348646598,0.2572219009136163,0.008802150427849348,0.0,0.12780666067426605,1082103665.5918128,633681214.9137328,19.59856236743592,18.2746610433733,8.799343334908022,5057.0,0.0,0.0,51.0,1.0,34.0,0.07332613395104348
1703630011,0.34624704086290375,0.33999510910038294,0.03600563700387466,0.0,0.12783994320822745,1082226802.460246,633758177.141098,8.042119979693048,4.79453966744066,8.809630332034551,5057.0,0.0,0.0,53.0,1.0,34.0,0.006251931762520813
1703630012,0.30342286006141933,0.30889822131938965,0.04568463478380667,0.0,0.25774076137028934,1082447458.7937834,633953669.9017568,4.4709261201928,10.315786097232994,8.948107459160774,5057.0,0.0,0.0,46.0,1.0,34.0,0.005475361257970324
1703630013,0.31581169207590754,0.3004911047867932,0.03649759205056527,0.0,0.11664171223033729,1082627466.0948236,634021364.653733,10.769605909646497,8.570110911856961,8.873516674238793,5057.0,0.0,0.0,43.0,1.0,34.0,0.01532058728911434
1703630014,0.3228739637319151,0.31759805343015496,0.029832987266095866,0.0,0.17028855080360009,1082729931.8411064,634193686.2198052,12.469260727857595,6.271591463430522,8.849139449986257,5057.0,0.0,0.0,47.0,1.0,34.0,0.005275910301760167
1703630015,0.3342858495494587,0.3010151555907907,0.029192498264852124,0.0,0.240695044920655,1082971973.3418477,634260184.5234368,17.560156832925195,10.581691235219125,8.877957946403354,5057.0,0.0,0.0,51.0,1.0,34.0,0.03327069395866805
1703630016,0.21558343682871778,0.27408347944833494,0.013822348667713563,0.0,0.18866036127575642,1083179248.9428966,634380422.5837206,9.201911713404145,15.313731497604689,9.027723997205998,5057.0,0.0,0.0,45.0,1.0,34.0,0.058500042619617165
1703630017,0.32085680791453053,0.2937395710133979,0.05034297411745202,0.0,0.17448347355283444,1083349228.8362758,634576521.6451474,21.746518933037972,15.891880046122502,8.915929587052945,5057.0,0.0,0.0,44.0,1.0,34.0,0.027117236901132602
1703630018,0.3065628583697832,0.2687746039270113,0.04303744030577662,0.0,0.16006341606519633,1083520960.8716025,634670308.9637468,13.313468926449616,13.657227044423381,9.172636871466649,5057.0,0.0,0.0,52.0,1.0,34.0,0.037788254442771896
1703630019,0.3441056276480115,0.33619224622268734,0.0346031155261784,0.0,0.0895603392387669,1083693083.2051847,634771189.1025965,16.69224599515847,10.937447609756891,8.670165582124111,5057.0,0.0,0.0,54.0,1.0,34.0,0.007913381425324162
1703630020,0.28517116505356094,0.29204974114604065,0.05882983091067059,0.0,0.1963122919065911,1083867487.4758992,634902072.3884895,10.149271503235369,9.36868721222064,8.776403882625583,5057.0,0.0,0.0,53.0,1.0,34.0,0.006878576092479716
1703630021,0.21445191737334127,0.2908628022961777,0.040166739545130246,0.0,0.32455808809220926,1084107142.2979696,635016119.6586851,7.783095877283049,13.164490272487363,8.928673242251637,5057.0,0.0,0.0,40.0,1.0,34.0,0.07641088492283646
1703630022,0.350555026019666,0.29979061816854213,0.052611348369168975,0.0,0.14587542084046626,1084273755.499392,635108062.0612842,19.91017478555175,25.15246970823611,8.900550192210094,5057.0,0.0,0.0,52.0,1.0,34.0,0.05076440785112385
1703630023,0.22442798909129497,0.2965234394237464,0.0437204939776217,0.0,0.15468518541317053,1084464954.1555204,635246310.4393576,7.875749304874123,9.7151759194153,8.838642280626717,5057.0,0.0,0.0,51.0,1.0,34.0,0.07209545033245146
1703630024,0.31060988694267244,0.3360224082355459,0.03740742896420114,0.0,0.1965019988591467,1084676908.346729,635335367.5708891,8.651154061304435,22.902799010568664,8.783413452618513,5057.0,0.0,0.0,43.0,1.0,34.0,0.02541252129287347
1703630025,0.23775754723323744,0.35783366908958464,0.06501081150785286,0.0,0.02,1084832333.08601,635439015.398326,22.026159456913774,9.066221586106073,8.785606272130849,5057.0,0.0,0.0,51.0,1.0,34.0,0.1200761218563472
1703630026,0.32258440285882656,0.2767499451411859,0.03255755142451819,0.0,0.32707884514843255,1085003624.677589,635571701.5661134,17.714204278172737,5.220808274819432,8.659194796975438,5057.0,0.0,0.0,44.0,1.0,34.0,0.045834457717640664
1703630027,0.28003196058166696,0.29386792089931946,0.011536976410605485,0.0,0.3065588664288381,1085199933.0374596,635656416.6395583,9.06728659385863,11.32572879708151,8.942036689083787,5057.0,0.0,0.0,54.0,1.0,34.0,0.013835960317652496
1703630028,0.2851503679438433,0.30511931201640646,0.007542113095896565,0.0,0.07903409895313299,1085427803.6917017,635779344.8132747,14.670796705881864,11.055786542644627,8.701901634133634,5057.0,0.0,0.0,46.0,1.0,34.0,0.019968944072563166
1703630029,0.27961083609391846,0.2632011645363054,0.031406135555398985,0.0,0.11838295853102718,1085605589.1396632,635966498.7193944,18.117625621346633,9.50632047585916,8.997822838754555,5057.0,0.0,0.0,46.0,1.0,34.0,0.01640967155761308
1703630030,0.30559624697220455,0.26484371970547355,0.04490709719733413,0.0,0.16741911169243637,1085833624.2778502,636158210.1570932,17.37014553634499,11.83756611323281,8.659101653576833,5057.0,0.0,0.0,52.0,1.0,34.0,0.04075252726673101
1703630031,0.26523677865948625,0.3285420427905058,0.06690559703788934,0.0,0.32772084261544954,1085920156.3744628,636347264.3315797,12.165693431635988,6.418241051905915,8.610217745901297,5057.0,0.0,0.0,54.0,1.0,34.0,0.06330526413101956
1703630032,0.30278216904495836,0.32806678579250903,0.04163478951113612,0.0,0.177957338399661,1086064652.2483017,636444025.9043106,14.225328884796447,24.33953390803297,8.918787057666513,5057.0,0.0,0.0,44.0,1.0,34.0,0.02528461674755067
1703630033,0.24158071202460085,0.2750998442249656,0.04712630521907188,0.0,0.23548689659061142,1086224798.9883988,636567842.2756603,11.892250121981448,11.758804494071516,8.890089090273152,5057.0,0.0,0.0,43.0,1.0,34.0,0.03351913220036473
1703630034,0.31268709417577145,0.28095719176648537,0.05316148747424625,0.0,0.19132574745887265,1086377126.7279341,636731225.5895113,15.197432417964011,13.68650079815733,8.924543327509435,5057.0,0.0,0.0,49.0,1.0,34.0,0.03172990240928608
1703630035,0.2277576673905679,0.3330118021303572,0.027345690091595057,0.0,0.10376305546831313,1086515878.7724316,636814680.3532002,9.894341899258215,14.608571521219954,8.775532155367932,5057.0,0.0,0.0,53.0,1.0,34.0,0.10525413473978928
1703630036,0.25446098422709035,0.2751193057414066,0.02887010184383593,0.0,0.15920880170280746,1086692185.3359003,637013472.0544777,17.39550136888716,20.708127876759903,8.67085607534606,5057.0,0.0,0.0,40.0,1.0,34.0,0.020658321514316236
1703630037,0.2952463282372014,0.2862783519034503,0.04586782773970455,0.0,0.16348717237742216,1086883114.819591,637201553.6450969,10.377984088668084,10.640392974205115,8.735789243888634,5057.0,0.0,0.0,43.0,1.0,34.0,0.008967976333751126
1703630038,0.3221345256420185,0.35066763091913516,0.02089614075297893,0.0,0.18901687206495132,1087018103.9797463,637258978.5126902,19.01247458659905,14.11069058195205,8.599312947445966,5057.0,0.0,0.0,40.0,1.0,34.0,0.028533105277116666
1703630039,0.28465399580880424,0.2525716802195551,0.05689278988369115,0.0,0.0648203614054693,1087162831.6752641,637349230.7188784,13.484235747579891,13.247153241235921,8.803141432023665,5057.0,0.0,0.0,42.0,1.0,34.0,0.03208231558924912
1703630040,0.23618783230983745,0.2757979038940333,0.05113169590175763,0.0,5.549027158339964,1087270672.727221,638230038.609411,10.872423084069446,8.918946222433279,8.777510736359952,5057.0,0.0,0.0,51.0,1.0,5.0,0.039610071584195855
1703630041,0.27994224125311323,0.3224962685692433,0.01219218401645207,0.0,5.297226836880424,1087430913.9221234,638997902.3513504,8.54961228217396,6.329924540469772,8.722525941857048,5057.0,0.0,0.0,44.0,1.0,5.063218390804598,0.04255402731613006
1703630042,0.23094174039737933,0.291791360467634,0.02443852738018678,0.0,5.321127323303688,1087564184.0215487,639763994.2842631,13.452192455836826,6.124566858705729,8.904444238318774,5057.0,0.0,0.0,44.0,1.0,5.126436781609195,0.060849620070254656
1703630043,0.29265203497365333,0.33395217194111143,0.06028457941687711,0.0,5.432821319626118,1087660227.7768955,640521074.2122616,16.62291609962689,8.946696854157965,8.815304676378886,5057.0,0.0,0.0,50.0,1.0,5.189655172413793,0.0413001369674581
1703630044,0.2678310873945165,0.2789227903181393,0.048516523723574276,0.0,5.644255899429952,1087897233.0842152,641378322.9848243,15.400370108155434,10.119828958098331,8.81025070878622,5057.0,0.0,0.0,41.0,1.0,5.252873563218391,0.011091702923622826
1703630045,0.32205219586857503,0.28337402234927944,0.010413369750334574,0.0,5.076496433790227,1088070807.9406457,642153426.3092265,12.290378814647848,15.567485314338935,8.80670934894448,5057.0,0.0,0.0,48.0,1.0,5.316091954022989,0.03867817351929559
1703630046,0.21009692820093967,0.31379653523361417,0.02434743984045863,0.0,5.608030022227824,1088208588.07192,642989748.632469,24.188469626857767,5.693542746431153,8.487415573215657,5057.0,0.0,0.0,40.0,1.0,5.379310344827586,0.1036996070326745
1703630047,0.27849387851983237,0.31207327743107555,0.02270439888409659,0.0,5.492910430435727,1088310628.657587,643782114.1137998,21.01284182240051,11.04273463103333,8.949609057473234,5057.0,0.0,0.0,41.0,1.0,5.442528735632184,0.033579398911243175
1703630048,0.2675502696700559,0.243612948541574,0.06112700594245736,0.0,5.823345985528579,1088391044.3293502,644595263.6815131,9.967501313188356,11.733352158216475,8.965638943103952,5057.0,0.0,0.0,40.0,1.0,5.505747126436781,0.023937321128481903
1703630049,0.29965020791575714,0.246638739836548,0.014864317834627112,0.0,5.803373862510703,1088496035.2188752,645418701.7278862,10.15110674478048,8.029968154334028,8.600965301530735,5057.0,0.0,0.0,53.0,1.0,5.568965517241379,0.053011468079209145
1703630050,0.22555931435218446,0.23849928656398656,0.054898800442158606,0.0,6.061588028836903,1088630699.6451757,646363941.6259266,12.0209265734951,13.117202263825881,8.648519089063578,5057.0,0.0,0.0,43.0,1.0,5.6321839080459775,0.012939972211802098
1703630051,0.3394936850005581,0.22606910081738746,0.03658525920066423,0.0,5.865974814563447,1088749260.6476455,647154951.6192371,18.104584584064668,14.109146597368369,8.884858211653881,5057.0,0.0,0.0,54.0,1.0,5.695402298850575,0.11342458418317064
1703630052,0.24451709752014314,0.29211999408279343,0.035724964723745464,0.0,5.681247633537528,1088884294.4575121,647950659.8695345,9.774911401439105,12.679567685504301,8.676599903030658,5057.0,0.0,0.0,51.0,1.0,5.758620689655173,0.04760289656265029
1703630053,0.25754810382660553,0.27524840781735793,0.03734870484867014,0.0,5.6823690198660834,1089096874.5036068,648719876.7350273,14.52991757478921,13.422680687506903,8.97775938204248,5057.0,0.0,0.0,50.0,1.0,5.82183908045977,0.017700303990752397
1703630054,0.20185856999880636,0.3009780006233289,0.04464219255154391,0.0,5.774352619415453,1089319429.404121,649613796.2843455,14.05589939885671,6.620471815847918,8.711303366951292,5057.0,0.0,0.0,41.0,1.0,5.885057471264368,0.09911943062452255
1703630055,0.31151912805775234,0.32862994758036423,0.0335984660693418,0.0,6.367222312325801,1089495019.9168963,650478482.6046288,15.333485061283305,15.75416907807094,8.607467576901028,5057.0,0.0,0.0,44.0,1.0,5.948275862068965,0.017110819522611898
1703630056,0.30649537043378733,0.27863978907878145,0.0344020845185074,0.0,5.97789886067782,1089642079.694785,651381183.683274,16.625137673269613,7.450314976341971,8.556845732021278,5057.0,0.0,0.0,45.0,1.0,6.011494252873563,0.027855581355005876
1703630057,0.22767033478228954,0.2949309605416749,0.013660994924595254,0.0,6.80354482775146,1089873791.987591,652320327.3045595,10.20232770213382,12.49315725662205,8.805364488451575,5057.0,0.0,0.0,46.0,1.0,6.074712643678161,0.06726062575938535
1703630058,0.39775090362134746,0.26533954584090885,0.022323599544326264,0.0,6.658074615842554,1090004470.4443355,653337680.0571033,14.495176243208027,11.937298741824602,8.889188164608091,5057.0,0.0,0.0,49.0,1.0,6.137931034482759,0.1324113577804386
1703630059,0.3187880044314332,0.29436895717615885,0.0362762204640818,0.0,6.999130888383679,1090130505.5245824,654326643.0280926,12.644692970174107,17.634050009945405,8.778431083603408,5057.0,0.0,0.0,42.0,1.0,6.2011494252873565,0.02441904725527433
1703630060,0.34026996953806216,0.287970087037899,0.01894652998527097,0.0,6.290416656981867,1090250572.6070065,655173342.4679273,3.0,18.27347353446369,8.741922397628082,5057.0,0.0,0.0,48.0,1.0,6.264367816091954,0.05229988250016315
1703630061,0.2579863962658,0.36517244445705227,0.030130331860545125,0.0,6.363056094592337,1090401450.7381551,656120898.2673062,13.494146058545976,11.08308597006041,8.832204634768484,5057.0,0.0,0.0,46.0,1.0,6.327586206896552,0.10718604819125227
1703630062,0.2692681098848236,0.3426731323633046,0.011822835380816295,0.0,6.936805864026922,1090512743.3123739,657041661.8768146,10.647412393701082,11.049093484747244,8.938111624269053,5057.0,0.0,0.0,49.0,1.0,6.39080459770115,0.07340502247848102
1703630063,0.2975240325490471,0.3074886743935231,0.002233611650777255,0.0,7.05028094797012,1090636959.0009246,657989973.8701385,11.15593211481277,17.10747614313887,8.79780123657906,5057.0,0.0,0.0,45.0,1.0,6.454022988505747,0.009964641844476041
1703630064,0.2744775072544487,0.30315013492648246,0.036943955584660355,0.0,6.770789054245197,1090762608.5172899,658893640.6323442,12.166296193888611,6.505219429125617,8.680328788700098,5057.0,0.0,0.0,47.0,1.0,6.517241379310345,0.028672627672033768
1703630065,0.24242690577122805,0.24574346319384488,0.04578705017179328,0.0,7.282398380286737,1090859286.7584465,659878981.6406711,16.029173754225223,11.371131984488493,8.82547079977568,5057.0,0.0,0.0,54.0,1.0,6.580459770114942,0.003316557422616828
1703630066,0.26178638418290784,0.2606067277126389,0.050924337677003995,0.0,7.435660448668565,1091084508.7772162,660862572.8071944,10.408323006199364,7.228035890806234,8.625795682002773,5057.0,0.0,0.0,48.0,1.0,6.64367816091954,0.0011796564702689638
1703630067,0.29777525493153506,0.30073870668522024,0.032860145725915384,0.0,7.153496049965485,1091234600.712825,661890816.4309968,12.544658831389354,11.339139592727973,9.206477407503318,5057.0,0.0,0.0,45.0,1.0,6.706896551724138,0.0029634517536851757
1703630068,0.32592553977454164,0.24455379313836856,0.04887506659628646,0.0,7.487655970763988,1091426083.3657613,662923326.8359814,16.968570161637984,8.425365415218192,8.759138454424999,5057.0,0.0,0.0,49.0,1.0,6.7701149425287355,0.08137174663617308
1703630069,0.27383822951628983,0.30236072365781125,0.027889177600403183,0.0,7.598442825536422,1091644780.398729,663983672.1200109,19.449860382514803,9.16546157770237,8.731906895568006,5057.0,0.0,0.0,51.0,1.0,6.833333333333333,0.028522494141521415
1703630070,0.2575111289268911,0.31906331824445194,0.06185482337479517,0.0,7.503749834063309,1091858502.182572,665079303.8168836,18.15604749987591,13.24279905010484,8.882944365294904,5057.0,0.0,0.0,46.0,1.0,6.896551724137931,0.061552189317560846
1703630071,0.2896010751168553,0.24745071889644366,0.06671426215416583,0.0,7.383375428461784,1092061520.0220637,666161336.1124138,16.110599385634238,20.286233384847414,9.076115006283324,5057.0,0.0,0.0,48.0,1.0,6.959770114942529,0.04215035622041163
1703630072,0.2787846102797216,0.32988014991163256,0.03641314723625623,0.0,7.140941373170913,1092266875.5302866,667215229.4335939,10.212701845352486,11.027138619272916,8.809673272960906,5057.0,0.0,0.0,47.0,1.0,7.022988505747127,0.051095539631910936
1703630073,0.21616408633982853,0.2766635480426253,0.05943283731883865,0.0,7.194013577342981,1092500681.5784194,668280444.2287158,25.677608556128714,8.607695385565417,8.661067665698527,5057.0,0.0,0.0,54.0,1.0,7.086206896551724,0.06049946170279674
1703630074,0.2424251824619304,0.28322826568635573,0.0239381493851388,0.0,7.252424447123614,1092688103.266715,669271300.4325182,19.709200251149888,21.707256854055544,8.74622154085434,5057.0,0.0,0.0,40.0,1.0,7.149425287356322,0.04080308322442533
1703630075,0.33292522280178183,0.268212052821097,0.04082713837488896,0.0,7.792925373960374,1092909763.8802903,670353833.6940093,19.50497730106849,5.864459099680347,8.944539613773989,5057.0,0.0,0.0,46.0,1.0,7.212643678160919,0.06471316998068483
1703630076,0.30244974900290056,0.2538769465447369,0.062493348895538536,0.0,7.954837872081478,1092992240.0762076,671547031.9505774,12.856908193409241,15.157692633381615,8.744497233256988,5057.0,0.0,0.0,54.0,1.0,7.275862068965518,0.048572802458163644
1703630077,0.3475789562180968,0.19278523024616315,0.04435622912318437,0.0,7.264588733214219,1093232740.3222344,672544865.3939701,8.839926232884004,7.62521602162484,8.957181398436955,5057.0,0.0,0.0,46.0,1.0,7.3390804597701145,0.15479372597193367
1703630078,0.3382717222890528,0.2856186810579082,0.05671962239141941,0.0,7.442016945025843,1093347879.2923856,673542806.4310539,15.585493923918762,14.763484771145214,8.85097727351112,5057.0,0.0,0.0,43.0,1.0,7.402298850574713,0.05265304123114456
1703630079,0.3221240106869928,0.2938870942979314,0.07895591018049028,0.0,8.253809319291557,1093511593.4510503,674743790.7374136,14.934355833497598,6.608690195967745,8.89259811474565,5057.0,0.0,0.0,54.0,1.0,7.4655172413793105,0.028236916389061395
1703630080,0.29340647006288606,0.29309900427002833,0.0747517862356296,0.0,8.272610466338891,1093603098.7889478,675893833.8406838,13.402517127588586,12.536404102825204,8.958121618490367,5057.0,0.0,0.0,42.0,1.0,7.528735632183908,0.0003074657928577307
1703630081,0.24940540125026162,0.32682795452571345,0.023990577111423245,0.0,8.017471178914734,1093700407.5600872,677023357.1122442,9.631671036156796,10.207354420687569,8.668178984506506,5057.0,0.0,0.0,50.0,1.0,7.591954022988506,0.07742255327545183
1703630082,0.34080440714897475,0.2956916758392938,0.036193699356298986,0.0,8.482416840948744,1093932825.821981,678259698.5685151,18.917326253096206,14.233626797063046,8.918652610849636,5057.0,0.0,0.0,41.0,1.0,7.655172413793103,0.045112731309680965
1703630083,0.30084876827696266,0.30186599698541483,0.04877632120500796,0.0,8.327311136644724,1094151239.2286696,679444512.6510005,12.286563612487932,8.679652021012974,8.92434779390015,5057.0,0.0,0.0,50.0,1.0,7.718390804597702,0.001017228708452167
1703630084,0.3058811701708363,0.2691590766739419,0.023925296926582275,0.0,8.31522212036427,1094361405.6984525,680554809.2618922,16.070006710425474,10.104139129691484,8.536977141382886,5057.0,0.0,0.0,50.0,1.0,7.781609195402299,0.036722093496894426
1703630085,0.2986658131225405,0.2507553360492353,0.01883329861681973,0.0,8.602052253984734,1094554728.5785227,681697330.1251847,17.574295039319015,6.6503730286683576,8.682220599427893,5057.0,0.0,0.0,48.0,1.0,7.844827586206897,0.0479104770733052
1703630086,0.32605420497138604,0.2761299652016106,0.04132075650136368,0.0,8.108106703387179,1094756911.8562946,682843025.5912365,13.410580582670907,8.503950589463033,8.589163436071441,5057.0,0.0,0.0,52.0,1.0,7.908045977011494,0.04992423976977545
1703630087,0.277697959739921,0.2838731025176861,0.03821867703013261,0.0,8.863756495426893,1094888449.7314591,684084643.2840917,16.651748998977638,8.341425989785963,8.956994843324127,5057.0,0.0,0.0,52.0,1.0,7.971264367816092,0.006175142777765097
1703630088,0.3131259315474141,0.2936121598408253,0.039439981453464557,0.0,8.741311876379273,1095106675.2485516,685377065.3798468,19.138840605923736,7.762617605491602,8.841909138043139,5057.0,0.0,0.0,43.0,1.0,8.03448275862069,0.0195137717065888
1703630089,0.2492599958806278,0.3033214122132752,0.024537162844174343,0.0,8.308915568163414,1095200533.2796395,686482813.0411057,16.271131471690335,19.248352086444733,8.950663253784018,5057.0,0.0,0.0,44.0,1.0,8.097701149425287,0.05406141633264738
1703630090,0.3231960445139798,0.26835313273748007,0.0489334104172938,0.0,8.774018356574175,1095390843.6269202,687721172.2351487,19.210569322348203,13.517986461557472,8.940267817962704,5057.0,0.0,0.0,41.0,1.0,8.160919540229884,0.05484291177649975
1703630091,0.26371707468831107,0.324837694025766,0.01341726449920521,0.0,9.047635363062957,1095562847.420682,688934724.0364784,10.721360008280428,13.960015605331218,8.893388376838143,5057.0,0.0,0.0,41.0,1.0,8.224137931034482,0.06112061933745494
1703630092,0.3261552706250297,0.2772969162486052,0.02960233812718487,0.0,8.898780746720025,1095737341.7224207,690236079.0985368,25.61252279747986,8.248188410822674,8.680657773011657,5057.0,0.0,0.0,52.0,1.0,8.28735632183908,0.048858354376424495
1703630093,0.18791893163242612,0.3163415997806434,0.03465606854628413,0.0,8.82749845212279,1095894973.5321226,691499690.7351487,11.384135826649793,10.261815276965999,8.875146935453452,5057.0,0.0,0.0,46.0,1.0,8.350574712643677,0.1284226681482173
1703630094,0.34330526367103353,0.26000693468426406,0.07863916664714952,0.0,8.648916538821172,1096028700.0511506,692744616.7650576,14.673834833807291,11.964985694219937,9.011163138324832,5057.0,0.0,0.0,44.0,1.0,8.413793103448276,0.08329832898676948
1703630095,0.2502706756730941,0.2919528918431397,0.01986662717228968,0.0,9.023994098811169,1096258878.4450178,694048734.7205557,18.1254686240973,14.679725485061681,8.623966376765845,5057.0,0.0,0.0,44.0,1.0,8.477011494252874,0.04168221617004564
1703630096,0.32375041753959405,0.3290959090147811,0.04938539292234712,0.0,8.56907909135258,1096377924.9437268,695315737.5774862,16.132324280803164,6.727165776074072,9.052075652367613,5057.0,0.0,0.0,50.0,1.0,8.540229885057471,0.005345491475187036
1703630097,0.3200369825071129,0.27954376798411856,0.012376747694757759,0.0,9.224897539334107,1096506705.6557837,696520023.3087653,3.0,7.700086242294339,8.77608330672492,5057.0,0.0,0.0,54.0,1.0,8.60344827586207,0.040493214522994314
1703630098,0.34285705595689414,0.259793779332282,0.015319125466415472,0.0,9.310947428149984,1096692253.295579,697857062.2300078,8.112039791786794,14.088042184270892,8.89549255767672,5057.0,0.0,0.0,53.0,1.0,8.666666666666666,0.08306327662461216
1703630099,0.2758356398295864,0.24654489691580248,0.03616279547110637,0.0,9.627274753851182,1096876971.2232459,699117579.6170404,20.11215708153743,13.262914130831609,8.707279192478069,5057.0,0.0,0.0,48.0,1.0,8.729885057471265,0.029290742913783946
1703630100,0.24189988311425126,0.24478435606278148,0.06079306047454426,0.0,9.697146766518344,1097042469.3950527,700458374.8059565,16.870948296876946,13.06858820738205,8.969351657501646,5057.0,0.0,0.0,40.0,1.0,8.793103448275861,0.0028844729485302256
1703630101,0.271681751518063,0.2861607694831015,0.06459906153432547,0.0,9.197121065640145,1097247519.8433018,701717806.7060206,16.763555977424783,6.237085887299415,8.786762963150565,5057.0,0.0,0.0,53.0,1.0,8.85632183908046,0.014479017965038476
1703630102,0.31260012733698395,0.25967901914705166,0.03736969100928866,0.0,9.100877181953699,1097458164.0964868,703041923.2472761,12.691422442303704,9.699046647240522,8.731084556040287,5057.0,0.0,0.0,48.0,1.0,8.919540229885058,0.05292110818993229
1703630103,0.24427979242493403,0.3238816390950011,0.04515182874746188,0.0,9.901290383955523,1097672047.639424,704437006.9770626,20.646719093074655,9.244606982359494,8.83074664169475,5057.0,0.0,0.0,43.0,1.0,8.982758620689655,0.07960184667006709
1703630104,0.32262886969311944,0.2601312368861592,0.04034593911336045,0.0,9.528489977416653,1097768197.1604998,705781818.8987812,13.29665984158051,13.222001968609991,8.754050777839764,5057.0,0.0,0.0,54.0,1.0,9.045977011494253,0.062497632806960246
1703630105,0.31262048302773815,0.24906298312765018,0.0339560462543684,0.0,9.635278096335105,1097865798.9107056,707087247.9649446,13.51733563782666,12.184236424420412,8.762142708161447,5057.0,0.0,0.0,50.0,1.0,9.109195402298852,0.06355749990008797
1703630106,0.3161473281842474,0.2559105507443692,0.0396188634933926,0.0,10.5273011378276,1098032372.812361,708519982.3331693,18.28108565537724,6.509242257393975,8.878166244512833,5057.0,0.0,0.0,47.0,1.0,9.172413793103448,0.06023677743987821
1703630107,0.29129528239913,0.2848016108448873,0.03978917244392282,0.0,9.653532819270211,1098143631.059203,709814470.71886,18.43466943746716,9.817317749153293,8.923419736229642,5057.0,0.0,0.0,53.0,1.0,9.235632183908045,0.006493671554242686
1703630108,0.28588734394875837,0.3201942836987684,0.04241909161204024,0.0,9.81875819169965,1098237429.5971665,711095509.2862928,13.749116192006376,9.471245384373203,8.803649376750535,5057.0,0.0,0.0,52.0,1.0,9.298850574712644,0.034306939750010035
1703630109,0.3177196652682071,0.28808717111159143,0.04475751033447336,0.0,10.420880766155612,1098345114.8711655,712491075.7727278,3.0,17.774317329569712,8.542539998738961,5057.0,0.0,0.0,54.0,1.0,9.362068965517242,0.029632494156615674
1703630110,0.33928886235314276,0.2859123353108272,0.02132826374474601,0.0,9.664337563080645,1098571630.7775002,713825291.0736883,14.707061436590038,20.961962162229398,8.51043259922168,5057.0,0.0,0.0,52.0,1.0,9.425287356321839,0.05337652704231555
1703630111,0.26687694030611225,0.2551329306909847,0.054400897037099216,0.0,9.898246707794069,1098727907.1988618,715222663.5692039,18.619577516121712,11.737268394810592,8.858179216351598,5057.0,0.0,0.0,46.0,1.0,9.488505747126437,0.01174400961512756
1703630112,0.2830849880703914,0.24156678980832982,0.028164405231432255,0.0,10.181516142843527,1098908104.7254329,716638276.6924726,15.429831975210492,12.249913425979804,8.813322251224166,5057.0,0.0,0.0,42.0,1.0,9.551724137931036,0.04151819826206157
1703630113,0.31401611115634104,0.3034127897887566,0.011618268266998827,0.0,10.440062714367013,1099102970.5057836,718052975.4458534,18.856106499531844,12.07576757332121,8.75712598822949,5057.0,0.0,0.0,46.0,1.0,9.614942528735632,0.010603321367584462
1703630114,0.3003737299966893,0.2872215560033387,0.051726040308859626,0.0,10.695063254171004,1099256146.661871,719508418.5758171,20.37165706199583,9.781409089679903,8.712422137756604,5057.0,0.0,0.0,53.0,1.0,9.678160919540229,0.013152173993350613
1703630115,0.2053149399248666,0.29275022047202803,0.0008332208216456291,0.0,9.636077352434835,1099460043.163777,720783712.7777407,18.02948824468526,15.845883265050485,8.85172396559792,5057.0,0.0,0.0,46.0,1.0,9.741379310344827,0.08743528054716143
1703630116,0.27097508233691475,0.30342479822073426,0.044076942745657044,0.0,10.516866886493878,1099562286.1438475,722185420.184745,7.702477203474769,12.582413234771124,8.997261425102812,5057.0,0.0,0.0,48.0,1.0,9.804597701149426,0.03244971588381951
1703630117,0.2918147715668327,0.27469674498377045,0.038522849265510334,0.0,10.044490044192033,1099773292.6855512,723634213.8531526,7.857833821689801,8.615387877786247,8.717042798928318,5057.0,0.0,0.0,50.0,1.0,9.867816091954023,0.017118026583062274
1703630118,0.3314889290021975,0.3039053274451981,0.016924332848287784,0.0,10.330272416233823,1100003721.639822,725117382.85025,22.28489201698043,7.10352315822142,8.626240660631298,5057.0,0.0,0.0,52.0,1.0,9.931034482758621,0.027583601556999404
1703630119,0.3347384715190439,0.28654129000904044,0.03353680651652396,0.0,10.407691064975369,1100231467.5931673,726496814.7792362,16.61889243193245,3.652052001469759,8.779861693433379,5057.0,0.0,0.0,41.0,1.0,9.99425287356322,0.04819718151000346
1703630120,0.26312148390182494,0.26305002799256977,0.09958707484555679,0.0,11.74948068782138,1100434654.3889084,728102421.4275279,12.61319817036437,8.863883613556158,8.82153643853768,5057.0,0.0,0.0,54.0,1.0,10.057471264367816,7.14559092551692e-05
1703630121,0.2713597721887515,0.3205970448981767,0.04852275456924752,0.0,10.303628091335463,1100634782.9146266,729509152.460203,13.310177370619941,14.99841599962756,8.55996466491265,5057.0,0.0,0.0,40.0,1.0,10.120689655172413,0.049237272709425184
1703630122,0.31721374742299496,0.340962359352606,0.054944229456517994,0.0,10.591992535168693,1100869319.6117513,730975164.7015617,3.8035856603534306,8.54745880924424,8.497985115868316,5057.0,0.0,0.0,49.0,1.0,10.183908045977011,0.02374861192961103
1703630123,0.25168130898092705,0.25999939915790526,0.04116330700390477,0.0,10.748098066364173,1101045627.8003695,732414876.036038,15.506935866697422,16.64403447664672,8.787135149711284,5057.0,0.0,0.0,48.0,1.0,10.24712643678161,0.00831809017697821
1703630124,0.2961215534430948,0.32569086862024244,0.0024497774306188394,0.0,11.346056096455046,1101138662.8546405,734029870.3139668,19.27591195994338,7.465285209625902,9.025007092886915,5057.0,0.0,0.0,53.0,1.0,10.310344827586206,0.029569315177147615
1703630125,0.3032853690947182,0.27264622540194394,0.029051134810216428,0.0,10.789946316896966,1101230294.2826726,735467608.5087152,12.226674315881446,8.05038174589395,8.768113412955108,5057.0,0.0,0.0,44.0,1.0,10.373563218390805,0.030639143692774262
1703630126,0.23696014060585807,0.2978908464768427,0.059590886275725424,0.0,11.692584041818288,1101477260.5872574,737030709.6154076,17.783961779198112,2.0581771939965243,8.717087922520925,5057.0,0.0,0.0,47.0,1.0,10.436781609195403,0.06093070587098465
1703630127,0.252562056849522,0.313547346173351,0.07933859576532215,0.0,11.254621165734637,1101703375.6384106,738491039.6211965,20.186882688145197,17.14023670436472,8.687059130066766,5057.0,0.0,0.0,50.0,1.0,10.5,0.06098528932382902
1703630128,0.31216741346650995,0.3171185882813638,0.06615007422712083,0.0,11.064045711341999,1101909933.6323025,739975468.7049041,17.491545469782796,15.952274032266166,8.771011368841972,5057.0,0.0,0.0,41.0,1.0,10.563218390804598,0.004951174814853854
1703630129,0.2990696120442767,0.2753768222359567,0.07600554592643635,0.0,11.456562875182257,1102158420.3124232,741576081.6334955,11.384670948618748,18.157986894802164,8.876192891346603,5057.0,0.0,0.0,44.0,1.0,10.626436781609195,0.02369278980831996
1703630130,0.33936748466025357,0.30341458557185147,0.08186852205179049,0.0,11.564297239999734,1102256425.3411224,743213799.5604924,15.156225998691298,9.208031546110089,8.726681589604226,5057.0,0.0,0.0,47.0,1.0,10.689655172413794,0.0359528990884021
1703630131,0.33601077141453756,0.27625075986665365,0.02392786476703545,0.0,11.633148072641887,1102458041.9582813,744794759.3506714,13.12912293875702,13.144055269919019,8.734448304532956,5057.0,0.0,0.0,50.0,1.0,10.75287356321839,0.05976001154788391
1703630132,0.26124525507161145,0.24795470927879368,0.06293630626881061,0.0,11.088237125372938,1102655060.0003917,746244640.1655698,14.921656955914958,4.443636501913656,8.96876811567058,5057.0,0.0,0.0,40.0,1.0,10.816091954022989,0.01329054579281777
1703630133,0.2791205686042503,0.299266164950593,0.07131420488152176,0.0,11.085909986807485,1102794022.1281927,747744883.5285676,10.208738947272458,8.931735055507415,8.840467911847467,5057.0,0.0,0.0,52.0,1.0,10.879310344827585,0.02014559634634272
1703630134,0.26334206218708,0.31989174512657564,0.0439374702442576,0.0,11.685879688129761,1102910371.6617887,749286891.0672348,11.027548926644235,12.890347114128454,8.74293866139826,5057.0,0.0,0.0,54.0,1.0,10.942528735632184,0.05654968293949564
1703630135,0.3781652686611198,0.3062544167154168,0.07018243577537993,0.0,11.42728766024028,1103075614.51089,750891956.6479157,9.52040385694717,21.177215361880336,8.813162036266373,5057.0,0.0,0.0,47.0,1.0,11.005747126436782,0.07191085194570301
1703630136,0.2517412347448259,0.26933284072373964,0.0018768375538163531,0.0,11.495456365354121,1103294117.0038426,752440706.0278044,12.152101236103851,11.890073498345556,8.912914841297903,5057.0,0.0,0.0,47.0,1.0,11.068965517241379,0.017591605978913738
1703630137,0.2848301075805905,0.29653321063703614,0.03353904076311471,0.0,11.713099034055691,1103535642.6985793,754003275.0217488,16.630170308355773,9.793674072970468,8.746301144575645,5057.0,0.0,0.0,50.0,1.0,11.132183908045977,0.011703103056445618
1703630138,0.27431289056645286,0.26957967993619664,0.05533805035691948,0.0,11.507981589707379,1103742052.5874436,755503218.812108,16.659673700056317,15.942195896627211,8.745457957381019,5057.0,0.0,0.0,45.0,1.0,11.195402298850574,0.004733210630256224
1703630139,0.2699537895359323,0.2551609806114512,0.051054770029758806,0.0,12.11022759604159,1103868917.2228913,757142787.7052854,10.643843805298673,19.575912350433306,8.497840724393708,5057.0,0.0,0.0,44.0,1.0,11.258620689655173,0.014792808924481093
1703630140,0.3456253093124394,0.28295819095294084,0.0660213837426311,0.0,12.726327485096796,1104026520.561587,758840847.9108657,13.234107398809984,13.68467681323792,8.955412960215257,5057.0,0.0,0.0,44.0,1.0,11.32183908045977,0.06266711835949856
1703630141,0.2810926319333793,0.32032496111336656,0.04911268103176321,0.0,12.373402784613738,1104194126.6167407,760545297.5106144,13.528530146904863,11.822632810911818,8.299602084513692,5057.0,0.0,0.0,44.0,1.0,11.385057471264368,0.03923232917998726
1703630142,0.31842576967202924,0.3128401163516391,0.036171429382555124,0.0,11.66280755526315,1104276689.0720286,762151501.0341853,13.216278411675917,6.342751896091102,8.995170413523025,5057.0,0.0,0.0,48.0,1.0,11.448275862068964,0.005585653320390127
1703630143,0.3538807106689813,0.3322166178223257,0.03161360015418669,0.0,12.241947344989931,1104425089.9823039,763765229.0108185,16.974945191071704,11.519328913193092,8.697125571995349,5057.0,0.0,0.0,44.0,1.0,11.511494252873563,0.021664092846655603
1703630144,0.2817176117853463,0.3097458385174929,0.0694528869331583,0.0,12.828403324809365,1104664748.307066,765477773.9110184,11.675265087508496,8.573408914357529,8.941301070352994,5057.0,0.0,0.0,46.0,1.0,11.574712643678161,0.028028226732146555
1703630145,0.25222698701273716,0.2796647525673839,0.049389626537359684,0.0,12.82295212636514,1104785633.793285,767169997.7431928,17.48534771800536,10.06877749843121,8.828145947961028,5057.0,0.0,0.0,42.0,1.0,11.637931034482758,0.02743776555464672
1703630146,0.28617182179611605,0.2959600845668099,0.013161315858072325,0.0,13.071268103501694,1104985769.751663,768987048.9034938,12.13237683300655,12.507454932438147,8.93698052950197,5057.0,0.0,0.0,46.0,1.0,11.701149425287356,0.009788262770693834
1703630147,0.2404099716319971,0.28464121386042524,0.06453081197544445,0.0,12.12825799056673,1105125001.6382985,770605205.8062863,11.860167122353856,13.780228099308538,8.739034259173835,5057.0,0.0,0.0,50.0,1.0,11.764367816091955,0.04423124222842814
1703630148,0.33087888817246963,0.29854376587762704,0.04466824810553208,0.0,12.654534774557595,1105244074.6281333,772351363.4605604,13.650821514718187,14.417606673672102,8.934676238899103,5057.0,0.0,0.0,51.0,1.0,11.827586206896552,0.03233512229484259
1703630149,0.29965495884718596,0.32482653453765475,0.07028430737675907,0.0,12.42578425914085,1105470929.7990804,774036954.4532173,15.224164432001807,14.080446535649195,8.618575049019235,5057.0,0.0,0.0,52.0,1.0,11.890804597701148,0.025171575690468795
1703630150,0.2585409413809928,0.3442377258348422,0.028614851272367285,0.0,12.637002143891596,1105606072.9280546,775705392.1958675,18.163940937031253,13.312556365726778,8.790536171557399,5057.0,0.0,0.0,49.0,1.0,11.954022988505747,0.08569678445384937
1703630151,0.2958589358910279,0.2686065085963913,0.011668241243185804,0.0,13.140510423171797,1105758215.645359,777501188.9535699,9.413538559443895,12.58243290302882,8.756002334050812,5057.0,0.0,0.0,43.0,1.0,12.017241379310345,0.027252427294636616
1703630152,0.2903596442534147,0.34876981445232275,0.0483168472111015,0.0,13.36330313634546,1105918292.088388,779319625.3421571,19.35221371221016,11.644482884261658,8.450502003637409,5057.0,0.0,0.0,54.0,1.0,12.080459770114942,0.05841017019890804
1703630153,0.2955698869090473,0.2831485977074574,0.05098551467629896,0.0,12.578487053999872,1106133342.6711512,780945750.5173509,10.050082252962392,11.35578135063436,9.02078906225451,5057.0,0.0,0.0,49.0,1.0,12.14367816091954,0.012421289201589913
1703630154,0.30507698528473337,0.26229164810202404,0.009697365803311424,0.0,13.109414467319606,1106229345.4357426,782767562.2183166,15.157555745452415,12.449159247221296,8.757136587313031,5057.0,0.0,0.0,42.0,1.0,12.206896551724139,0.042785337182709327
1703630155,0.305681902871231,0.33311762808977846,0.026660040873474573,0.0,13.077286576785346,1106338950.0444694,784567561.8108988,13.889437608804812,14.216764271922964,8.676226716245528,5057.0,0.0,0.0,41.0,1.0,12.270114942528735,0.02743572521854748
1703630156,0.19850149336386563,0.2261900266283832,0.07234973317064675,0.0,12.683882594980185,1106478082.78827,786349465.9288704,22.83006743207003,16.83036868303216,8.951829180789579,5057.0,0.0,0.0,42.0,1.0,12.333333333333332,0.027688533264517562
1703630157,0.32651870308401637,0.3141454185952815,0.0013216663089824707,0.0,14.534479331366143,1106724244.2545495,788323190.9253062,16.452208925522317,10.731076977161619,8.754938762773275,5057.0,0.0,0.0,54.0,1.0,12.396551724137932,0.01237328448873487
1703630158,0.25938733100109135,0.29376983996082323,0.056995917540315584,0.0,13.807476558990786,1106966624.4458315,790124546.2505099,13.194639042488436,12.13776800265393,8.691877385446919,5057.0,0.0,0.0,45.0,1.0,12.459770114942529,0.03438250895973188
1703630159,0.2734059605361064,0.25046271197584197,0.045305423662747396,0.0,13.449593602229985,1107050820.649324,791930844.4931078,14.209438753359414,15.640090332170272,8.569979319674433,5057.0,0.0,0.0,47.0,1.0,12.522988505747126,0.022943248560264418
1703630160,0.2600112727956057,0.3401191822939859,0.026317695941789867,0.0,13.61203909572784,1107188833.334608,793776459.8503704,15.621130111741781,14.262183648260656,8.892868347638794,5057.0,0.0,0.0,49.0,1.0,12.586206896551724,0.0801079094983802
1703630161,0.18357345921636767,0.28215890221994505,0.04630737663119945,0.0,14.06690727199667,1107318285.8455997,795586383.3206391,13.501616223287115,5.456024637934266,8.85732785882589,5057.0,0.0,0.0,54.0,1.0,12.649425287356323,0.09858544300357738
1703630162,0.3362789140504353,0.2819554086805649,0.07061120780295588,0.0,14.235875198545076,1107540144.4889164,797452341.5901653,17.586210605065098,17.406114689547096,9.140734522965761,5057.0,0.0,0.0,43.0,1.0,12.71264367816092,0.054323505369870406
1703630163,0.31843874877387746,0.3110218828858656,0.0411793075531717,0.0,13.998436256398726,1107655501.1396933,799344692.261093,10.954715726155168,12.581142142586586,8.927988615991651,5057.0,0.0,0.0,49.0,1.0,12.775862068965516,0.007416865888011881
1703630164,0.3289515305657448,0.31515672186415544,0.051145570678957954,0.0,13.526575360037842,1107848456.6979504,801101851.9033195,12.353384907830826,15.400227833221937,8.874878706178107,5057.0,0.0,0.0,54.0,1.0,12.839080459770116,0.013794808701589334
1703630165,0.2106877240695344,0.350319547037665,0.037121387582931015,0.0,13.578854721527724,1108044119.642338,802853362.2129546,19.49143633970613,12.491743219314467,8.608984495340032,5057.0,0.0,0.0,49.0,1.0,12.902298850574713,0.1396318229681306
1703630166,0.20487072110409812,0.2901318503370389,0.08001008444126528,0.0,13.719447247562607,1108145814.508772,804625287.7341334,10.741723355916246,15.280512782061923,8.770362518575196,5057.0,0.0,0.0,41.0,1.0,12.96551724137931,0.0852611292329408
1703630167,0.33705414484118557,0.31608701637278935,0.016787899120885998,0.0,13.667570058234187,1108265832.564747,806507811.4069163,17.121923506175367,2.895017309274765,8.745101458078555,5057.0,0.0,0.0,52.0,1.0,13.028735632183908,0.020967128468396212
1703630168,0.25236953689095376,0.3107283637525354,0.0329249644486007,0.0,13.350529993707207,1108502286.8235195,808275193.1178546,12.148720029590145,8.404295037512309,8.826477450249598,5057.0,0.0,0.0,50.0,1.0,13.091954022988507,0.058358826861581614
1703630169,0.2787358228609217,0.30475323256615217,0.042353863795651585,0.0,14.112199680615099,1108746445.2672298,810189033.9558206,11.998149328787845,13.665612903345934,8.886994198866057,5057.0,0.0,0.0,42.0,1.0,13.155172413793103,0.026017409705230476
1703630170,0.2528693173312252,0.3086319818104609,0.009534561853933574,0.0,14.58936994897595,1108842824.3552146,812186077.6041957,21.88096927801437,9.892359718701734,8.720634398838508,5057.0,0.0,0.0,44.0,1.0,13.218390804597702,0.055762664479235724
1703630171,0.23169666146644335,0.28069868269592546,0.05131813142589681,0.0,14.16688336544687,1108933717.5301824,814007885.3856846,16.94676134172688,15.528775525885269,8.735179842363545,5057.0,0.0,0.0,42.0,1.0,13.281609195402298,0.04900202122948211
1703630172,0.23449143292627858,0.2577345466774389,0.06605546953463362,0.0,14.385360131730165,1109157755.775982,815953266.3015068,11.744471066771043,14.783229858096707,8.945248140528468,5057.0,0.0,0.0,43.0,1.0,13.344827586206897,0.02324311375116031
1703630173,0.3303240252890279,0.3363221648414794,0.06106394135032904,0.0,14.348027894182948,1109338182.3582416,817814325.7548696,9.66198342388503,8.388805011616459,9.092649785501678,5057.0,0.0,0.0,50.0,1.0,13.408045977011493,0.005998139552451542
1703630174,0.23925981051201706,0.2617847098387073,0.04429072230085982,0.0,14.87215105426431,1109562040.807534,819728774.673451,12.996496134819456,16.270209898507098,8.887705639859508,5057.0,0.0,0.0,45.0,1.0,13.471264367816092,0.022524899326690218
1703630175,0.285394088672907,0.3024892560166072,0.05652694093254911,0.0,14.449696242132124,1109771505.4510744,821728940.4705213,11.7621937200968,15.748980430495955,8.780698676202467,5057.0,0.0,0.0,48.0,1.0,13.53448275862069,0.0170951673437002
1703630176,0.27689909036470656,0.2590583114264628,0.04617331278092033,0.0,14.360811311738864,1109889865.351853,823693480.1203563,17.973524990975882,8.817065943266433,8.717220401392622,5057.0,0.0,0.0,43.0,1.0,13.597701149425287,0.017840778938243762
1703630177,0.29422260549094964,0.3018582389491678,0.0026009308178695234,0.0,14.034138013106192,1110040950.2607772,825629910.9077951,20.641306294908702,15.829401674219733,8.753302693820308,5057.0,0.0,0.0,45.0,1.0,13.660919540229886,0.007635633458218161
1703630178,0.32057839518585723,0.2944770933481238,0.06564657051683535,0.0,14.722802983120042,1110273289.1226985,827662567.7281512,10.773148193559306,20.81824721917111,8.756955839052944,5057.0,0.0,0.0,52.0,1.0,13.724137931034484,0.02610130183773346
1703630179,0.26507900258263806,0.3116239903246581,0.03757985514586285,0.0,14.572360636965026,1110441458.3837278,829581294.1375561,13.27964564796771,18.11150875186994,8.725688277062153,5057.0,0.0,0.0,54.0,1.0,13.78735632183908,0.04654498774202004
1703630180,0.24340879708971494,0.32330843437757867,0.05416698093642954,0.0,14.71480356172143,1110656506.357053,831547842.53252,8.659673789130245,3.3536340534557443,8.846911211785127,5057.0,0.0,0.0,47.0,1.0,13.85057471264368,0.07989963728786373
1703630181,0.31865016703206855,0.2755575630404032,0.049859804590045166,0.0,15.198773635053719,1110825879.8774352,833530664.0680013,17.81297234065729,15.212130901785692,8.87620339124467,5057.0,0.0,0.0,52.0,1.0,13.913793103448276,0.04309260399166537
1703630182,0.28138533769514645,0.28449980436299344,0.036727157415927865,0.0,14.494079845585293,1111010238.9342036,835517642.7726089,15.90710100023997,11.664856715390668,8.748727742144926,5057.0,0.0,0.0,49.0,1.0,13.977011494252874,0.0031144666678469823
1703630183,0.22427851660082812,0.2591984471580339,0.0036819432928649337,0.0,14.879823824071783,1111249471.085797,837520202.3350378,14.760354117700327,4.026344918366601,8.864080459944049,5057.0,0.0,0.0,46.0,1.0,14.040229885057471,0.0349199305572058
1703630184,0.24603238134380867,0.3152764083481535,0.04110113774631733,0.0,14.666139296759033,1111361393.010568,839473955.8995266,8.814218471659183,12.580543735317102,8.664091595249815,5057.0,0.0,0.0,52.0,1.0,14.10344827586207,0.06924402700434484
1703630185,0.3344245454947051,0.2809527037303888,0.02720911901434758,0.0,15.07281543314594,1111509581.0827117,841539137.7253556,14.622417511350129,13.494947935964168,8.951416736488396,5057.0,0.0,0.0,46.0,1.0,14.166666666666668,0.05347184176431635
1703630186,0.24818064380415744,0.2541545975294745,0.028046252492691156,0.0,15.26887405643301,1111664861.614118,843518629.334238,10.967302286429069,12.59021454225782,9.026246382012204,5057.0,0.0,0.0,40.0,1.0,14.229885057471265,0.0059739537253170605
1703630187,0.29964006190090714,0.27695425625439096,0.04217369934228791,0.0,15.374214423665704,1111817326.57906,845496760.2290375,12.941552448387723,9.197177741815187,8.786348193002537,5057.0,0.0,0.0,44.0,1.0,14.293103448275863,0.022685805646516177
1703630188,0.2805739369042155,0.2879733014745135,0.06884424003870342,0.0,15.434402633621984,1111985839.0603087,847562618.0722958,23.5986536812098,14.223903781986639,8.774108788837681,5057.0,0.0,0.0,51.0,1.0,14.35632183908046,0.007399364570297995
1703630189,0.23725414688219915,0.2663018405130916,0.06339227549525964,0.0,16.09653950624776,1112132637.5274186,849677983.871657,13.45114977125601,9.642752523884702,8.644222425872469,5057.0,0.0,0.0,43.0,1.0,14.419540229885058,0.029047693630892435
1703630190,0.2819852059071012,0.33456024567859,0.028643416188765217,0.0,16.274326331208314,1112330996.9490554,851814015.5637006,13.797879355408229,11.582976287379466,8.905365388087374,5057.0,0.0,0.0,46.0,1.0,14.482758620689655,0.05257503977148881
1703630191,0.26787734625269477,0.2835730679751808,0.06989772670042352,0.0,15.418899240765764,1112456477.7027428,853832249.0521324,8.818657418660361,13.031920728896056,8.646523119390777,5057.0,0.0,0.0,43.0,1.0,14.545977011494253,0.01569572172248601
1703630192,0.3061484527662519,0.22661062501968082,0.039387703414551264,0.0,15.677761506058314,1112631226.2658248,855880715.263661,8.855840251739103,11.500741023671358,8.759353309470777,5057.0,0.0,0.0,44.0,1.0,14.609195402298852,0.07953782774657109
1703630193,0.3694314100589488,0.3113874946950722,0.04974160014185687,0.0,16.144551302646736,1112729572.325353,858044754.6512878,13.314300633592929,13.990641396729616,8.823943328214073,5057.0,0.0,0.0,53.0,1.0,14.672413793103448,0.0580439153638766
1703630194,0.23868489969605686,0.2876785253265451,0.05367570696821844,0.0,15.953554646785856,1112971440.5755644,860160048.461668,7.925729986999471,11.36847607113969,8.939401165738259,5057.0,0.0,0.0,51.0,1.0,14.735632183908047,0.04899362563048823
1703630195,0.2291465267168512,0.2751653275931478,0.031837886310700635,0.0,16.25578316323484,1113097371.550208,862268034.3488458,12.206619524158263,16.33643058348505,8.860360609383545,5057.0,0.0,0.0,45.0,1.0,14.798850574712644,0.04601880087629662
1703630196,0.34758961669038063,0.29366470161094077,0.05971007206887828,0.0,15.72007913016658,1113259074.1549861,864335699.0324161,15.860142088989859,15.002951158845999,8.880478744291306,5057.0,0.0,0.0,49.0,1.0,14.862068965517242,0.05392491507943986
1703630197,0.2869662789452082,0.25342950538505477,0.06507866762034942,0.0,15.526718054853061,1113478201.6473057,866403594.2947489,13.789555005738205,7.061219800808783,8.725133923033882,5057.0,0.0,0.0,53.0,1.0,14.925287356321839,0.03353677356015344
1703630198,0.2565868771324115,0.36642887192514084,0.03929435263164436,0.0,16.217570887267474,1113643465.604808,868483951.2978331,14.617937146929497,11.411877610632875,9.002430497820761,5057.0,0.0,0.0,51.0,1.0,14.988505747126437,0.10984199479272932
1703630199,0.28715462289278726,0.298860071622427,0.028561583936918253,0.0,15.484357846403475,1113759275.787176,870606387.9351928,15.33712328386806,13.20456332517491,9.19970008438246,5057.0,0.0,0.0,49.0,1.0,15.051724137931036,0.011705448729639745
1703630200,0.3048569340231182,0.3114770238108638,0.04619990188075089,0.0,16.282509999952733,1113913320.2462907,872832242.9903193,14.634411911345671,15.014839839736169,8.77202720764096,5057.0,0.0,0.0,40.0,1.0,15.114942528735632,0.006620089787745587
1703630201,0.3063897102092206,0.3586982358782095,0.05913773430654848,0.0,15.162428913177392,1114121503.4420297,874897227.5084996,18.58654855809322,12.008327844928631,8.683017476578613,5057.0,0.0,0.0,54.0,1.0,15.17816091954023,0.05230852566898886
1703630202,0.2828107523623864,0.23770531267259631,0.055595639752442055,0.0,16.124933609792187,1114262042.2333708,876970234.5280097,21.933648485146353,5.929576102125719,8.953508269866816,5057.0,0.0,0.0,54.0,1.0,15.241379310344827,0.04510543968979008
1703630203,0.3185925052449403,0.25442169890448074,0.04646912379336223,0.0,16.284720694385005,1114361091.345086,879105709.8424662,15.611792464036533,10.702315686385852,8.858500213974903,5057.0,0.0,0.0,52.0,1.0,15.304597701149426,0.06417080634045957
1703630204,0.3578061127870234,0.34953554899043005,0.024428244971578875,0.0,16.108691140318307,1114490129.3135133,881302438.9282168,14.900106055615495,7.7785066820086035,8.847924052226888,5057.0,0.0,0.0,44.0,1.0,15.367816091954023,0.008270563796593355
1703630205,0.34745052291358003,0.29535955549924037,0.05181455242277071,0.0,16.610161014454427,1114638799.4615707,883568840.050467,11.036483109648348,18.109462023610224,8.822969633095584,5057.0,0.0,0.0,40.0,1.0,15.431034482758621,0.05209096741433966
1703630206,0.2816826711465327,0.26291369514675,0.040692939928653776,0.0,16.247927511134584,1114730588.6263819,885731539.0023074,19.859226801575733,10.877627924116087,8.565556250124345,5057.0,0.0,0.0,44.0,1.0,15.494252873563218,0.018768975999782722
1703630207,0.30303253361816623,0.28480797131656804,0.03440130048720181,0.0,16.52978810128235,1114840235.6460538,887989731.4969482,16.200098472194554,9.75557134080767,8.768301446853927,5057.0,0.0,0.0,43.0,1.0,15.557471264367816,0.01822456230159819
1703630208,0.32975130459565294,0.33010153886897264,0.047601724329894526,0.0,16.30935283084417,1115064774.6192553,890167951.6858007,22.71821440885661,13.836876121259207,8.283859429421463,5057.0,0.0,0.0,48.0,1.0,15.620689655172415,0.000350234273319705
1703630209,0.38303824031895056,0.30499045088318405,0.04958247450756832,0.0,17.13248520714469,1115216776.2007847,892416329.908196,10.8536921179555,6.925737807299206,8.831191557273714,5057.0,0.0,0.0,40.0,1.0,15.683908045977011,0.07804778943576651
1703630210,0.31063549711973326,0.2918838958704007,0.020173003263550024,0.0,17.52070494204395,1115461790.3104362,894721858.8985336,17.482296205486126,10.72219412037647,9.071009376678202,5057.0,0.0,0.0,49.0,1.0,15.74712643678161,0.01875160124933256
1703630211,0.3152726634625826,0.35310890878507656,0.05996173497565736,0.0,16.67566201033057,1115685311.815861,896962561.6415421,13.894742728751964,11.905685539366502,8.84144480343517,5057.0,0.0,0.0,52.0,1.0,15.810344827586206,0.03783624532249397
1703630212,0.3157056730338813,0.3058438064856838,0.05746279205602282,0.0,17.26048348278066,1115838190.665184,899199923.7455212,12.121081531315767,7.834671464748939,8.676259394183226,5057.0,0.0,0.0,54.0,1.0,15.873563218390805,0.009861866548197484
1703630213,0.2621751507429264,0.24632966871853215,0.06282216522045239,0.0,16.66511952701482,1116039779.023968,901344897.6027153,10.811117921403604,5.59680600810776,8.987231272236432,5057.0,0.0,0.0,54.0,1.0,15.936781609195402,0.01584548202439426
1703630214,0.32016422077348655,0.3043917468384095,0.1023388469766478,0.0,16.15085629252558,1116158967.228595,903533846.6854023,8.692787559930089,11.657542861594402,8.848031959615462,5057.0,0.0,0.0,40.0,1.0,16.0,0.015772473935077025
1703630215,0.29103840815849835,0.33001404857312217,0.02403446441661611,0.0,17.231791927909555,1116312053.3497014,905741134.6786797,19.988854396045433,15.04840207890694,8.693494163693588,5057.0,0.0,0.0,52.0,1.0,16.0,0.03897564041462381
1703630216,0.25167526240784305,0.3307514944462986,0.029457370836209702,0.0,17.40919551351159,1116430213.7874126,908044841.6938621,17.137823689706025,12.554698313292029,8.747582015592293,5057.0,0.0,0.0,48.0,1.0,16.0,0.07907623203845554
1703630217,0.2904895900718274,0.3304119755944375,0.03542156338937519,0.0,16.98014245681713,1116619011.2301822,910333398.6360971,12.027134621888509,10.8917217070542,8.760761856214927,5057.0,0.0,0.0,49.0,1.0,16.0,0.039922385522610127
1703630218,0.3749027495295705,0.26628944463151094,0.049218979996694674,0.0,16.84891610564272,1116823322.8233755,912522836.6831561,14.971358874821078,19.554391758585687,8.952876774214966,5057.0,0.0,0.0,51.0,1.0,16.0,0.10861330489805954
1703630219,0.3735268108542908,0.3025933978990285,0.061400296052356425,0.0,16.900123208345942,1116961279.408507,914789512.8510361,21.49310213261004,13.60420107543735,8.562595240658725,5057.0,0.0,0.0,48.0,1.0,16.0,0.07093341295526229
1703630220,0.24372757486876834,0.35066318286496545,0.029005183089273683,0.0,16.998439255705105,1117108919.129553,917032420.4832847,8.322905397743979,7.248892920193723,8.659156785198126,5057.0,0.0,0.0,42.0,1.0,16.0,0.10693560799619711
1703630221,0.2698322399748863,0.2711966661713007,0.0033407496267531672,0.0,17.180456370590846,1117310966.6589785,919241982.008848,10.320437559880054,12.782169733801155,8.758926857015275,5057.0,0.0,0.0,49.0,1.0,16.0,0.0013644261964144144
1703630222,0.29496534564196747,0.3325364420042035,0.06662437572162427,0.0,17.23124967588889,1117535104.7704184,921563216.1664463,10.797464399565815,12.472177323574833,8.962256710121624,5057.0,0.0,0.0,48.0,1.0,16.0,0.037571096362236045
1703630223,0.3531423244556774,0.316515474455584,0.027063824539834292,0.0,17.065342995552214,1117664030.7068665,923796442.4642086,4.529908088415857,9.257586450250033,8.936061542786023,5057.0,0.0,0.0,43.0,1.0,16.0,0.036626850000093414
1703630224,0.2658343155888591,0.2855621295945483,0.03257840641538931,0.0,16.596174640919862,1117824171.1886275,926032277.6471384,15.600465902512754,16.92426198465651,8.53360165639359,5057.0,0.0,0.0,53.0,1.0,16.0,0.01972781400568918
1703630225,0.34123422409398774,0.3432370906738895,0.04548001428561663,0.0,17.093870257350893,1118051031.7950225,928320419.4121957,9.553161540421378,5.172045586044312,8.994455843780031,5057.0,0.0,0.0,46.0,1.0,16.0,0.0020028665799017853
1703630226,0.2960856557632605,0.2632153028214584,0.04237520214323722,0.0,17.870210870202325,1118133934.603288,930701838.135698,10.442662074668812,11.126904253603623,8.829681738788208,5057.0,0.0,0.0,44.0,1.0,16.0,0.03287035294180213
1703630227,0.3329821540983883,0.2948794619344203,0.03134114631170512,0.0,17.47810672262613,1118220921.6337218,932957061.1427647,6.8112794723753645,15.26407659945257,8.490843571535212,5057.0,0.0,0.0,52.0,1.0,16.0,0.038102692163968055
1703630228,0.26224787337483546,0.2318014833786476,0.0012850631476745353,0.0,16.875368330044605,1118330436.2028291,935137030.9731545,7.4252269403076125,17.774098840820542,8.832049618768908,5057.0,0.0,0.0,46.0,1.0,16.0,0.030446389996187873
1703630229,0.2487214904813909,0.2985299858469782,0.03080247239595841,0.0,17.65590301234192,1118560142.6296947,937496683.6713587,13.12811094970543,16.01765988928789,8.651482574467856,5057.0,0.0,0.0,43.0,1.0,16.0,0.04980849536558732
1703630230,0.3056329710882591,0.3045780392963199,4.710216521957439e-05,0.0,16.932573600481472,1118683958.3817708,939712820.3510486,12.935913234180253,13.549932763709766,8.51523107707395,5057.0,0.0,0.0,53.0,1.0,16.0,0.0010549317919392176
1703630231,0.3076485487999905,0.26646122214763757,0.0634958862901273,0.0,17.34190611005794,1118857279.8443623,942020017.4680916,20.24706627179612,6.8916073563434,8.840366044090093,5057.0,0.0,0.0,51.0,1.0,16.0,0.04118732665235292
1703630232,0.28977836526488926,0.31971841701006687,0.04220338882200624,0.0,17.345127905285672,1119001259.000623,944329438.0705559,16.60603405059944,13.101026946830245,8.807491196947712,5057.0,0.0,0.0,40.0,1.0,16.0,0.02994005174517761
1703630233,0.18715009245745287,0.3196355125156249,0.04549013191466478,0.0,17.484906183515047,1119084827.540488,946650083.5136564,14.511346389403455,10.757741971505919,9.032498584141045,5057.0,0.0,0.0,42.0,1.0,16.0,0.13248542005817202
1703630234,0.2455784000278517,0.22723808852640454,0.03516353808545827,0.0,17.52263294760391,1119215064.4121993,948925394.2780671,12.094228370535529,3.3642190450970073,8.962839943239906,5057.0,0.0,0.0,53.0,1.0,16.0,0.01834031150144716
1703630235,0.2651779808255195,0.28077461554208444,0.013895857273602524,0.0,17.262204406546815,1119417363.7865915,951161113.0567834,12.500202083823526,12.284826229324764,8.507327976753274,5057.0,0.0,0.0,45.0,1.0,16.0,0.015596634716564917
1703630236,0.30138539100515016,0.3323983614882935,0.03381964481836438,0.0,17.360954932974245,1119641860.9843779,953428173.4328668,7.282675164621136,12.17740875987025,8.971167746729995,5057.0,0.0,0.0,45.0,1.0,16.0,0.03101297048314333
1703630237,0.34570271676015596,0.35153599175864747,0.03418662040471847,0.0,17.671179278145335,1119777558.82245,955801486.3098708,12.19482040849943,10.435281394523058,8.744259551243857,5057.0,0.0,0.0,41.0,1.0,16.0,0.005833274998491511
1703630238,0.24327559433601598,0.30373630391900747,0.03308215394433997,0.0,17.095058837143792,1119950684.6081355,958049089.3440366,18.012844585286647,9.871100133618187,8.612366794018822,5057.0,0.0,0.0,49.0,1.0,16.0,0.06046070958299149
1703630239,0.32486506076642857,0.21898973190703913,0.039141088203193855,0.0,17.56022941620929,1120158651.6083815,960392190.7159662,14.106558544959332,7.348848120736995,9.027266597704712,5057.0,0.0,0.0,51.0,1.0,16.0,0.10587532885938944
1703630240,0.28159988322607016,0.3415300544360406,0.06715774329284285,0.0,17.365275976070745,1120379145.4920278,962632106.1085972,18.299280710308725,12.713589780765222,8.628255029467667,5057.0,0.0,0.0,49.0,1.0,16.0,0.05993017120997046
1703630241,0.2270465388977232,0.28008521011560183,0.051108083718153195,0.0,17.02673954617439,1120497944.896754,964864470.1139758,15.381939865044375,17.042655441699374,8.869647905972725,5057.0,0.0,0.0,53.0,1.0,16.0,0.05303867121787864
1703630242,0.3152365106836667,0.3201295536047947,0.02276469778460509,0.0,16.838383491572692,1120680379.7925053,967163209.9707705,19.479003795161557,8.035987530662094,8.571840342892642,5057.0,0.0,0.0,46.0,1.0,16.0,0.004893042921128021
1703630243,0.26352117878525144,0.2577680866119674,0.03547312371933071,0.0,16.441137679754867,1120919884.3838894,969313231.9640471,17.80694041615437,7.152420419429804,8.625458329298633,5057.0,0.0,0.0,42.0,1.0,16.0,0.005753092173284069
1703630244,0.2850218715746888,0.30958079507418035,0.036688433498364474,0.0,16.6356393622194,1121145544.0307028,971532469.300816,16.75838944099481,19.597748276507822,8.86381380656001,5057.0,0.0,0.0,43.0,1.0,16.0,0.02455892349949157
1703630245,0.27846889162371163,0.31503862001541133,0.05190551917897339,0.0,17.401223620666823,1121367677.0629637,973793575.3078562,9.141317447645573,11.179318715252771,8.884737659060672,5057.0,0.0,0.0,46.0,1.0,16.0,0.036569728391699696
1703630246,0.27232277675335365,0.29336256608758327,0.06221940000812154,0.0,16.464259527114475,1121454944.562334,975998692.4135525,22.354752543055447,10.983514571940127,8.590560276171997,5057.0,0.0,0.0,40.0,1.0,16.0,0.02103978933422962
1703630247,0.34167153369422165,0.2958608542588753,0.039931746575757474,0.0,17.11516115000077,1121697329.6645012,978286608.9086479,10.020155985714961,10.571059843078109,8.721793291433926,5057.0,0.0,0.0,52.0,1.0,16.0,0.045810679435346335
1703630248,0.23477561922685022,0.2608856168094715,0.0376282275086407,0.0,16.549167211543654,1121811581.2528062,980439808.6048032,15.583053084219102,10.306538636868357,8.474946002329725,5057.0,0.0,0.0,46.0,1.0,16.0,0.026109997582621253
1703630249,0.2573448943384861,0.2820582748488829,0.042228514482717944,0.0,17.0989243903911,1121973960.866835,982741961.2446567,4.214066736769151,22.162513848017163,8.409057812677869,5057.0,0.0,0.0,46.0,1.0,16.0,0.024713380510396787
1703630250,0.2233641404769417,0.2667931565217419,0.05304267905896698,0.0,17.456537892955893,1122161451.6774044,985020850.1433612,16.261698715686105,8.652455268753933,8.763360699235621,5057.0,0.0,0.0,40.0,1.0,16.0,0.043429016044800206
1703630251,0.30508701717773096,0.2767922627937268,0.047158332493642825,0.0,16.898910530151838,1122343720.7672913,987212311.1502542,12.714178787530814,16.900755515761286,8.69489668621195,5057.0,0.0,0.0,51.0,1.0,16.0,0.02829475438400414
1703630252,0.28402840737208784,0.28083153909963515,0.014929512175366512,0.0,17.018131534272346,1122492013.2624,989395484.7024708,13.25920026018317,15.563692551907629,8.752360931681247,5057.0,0.0,0.0,46.0,1.0,16.0,0.003196868272452691
1703630253,0.3916809025994628,0.2462872087716633,0.046937145912441136,0.0,17.396807576065008,1122671080.0406976,991651866.5852559,10.687490416068188,12.66250852400089,8.712265205387263,5057.0,0.0,0.0,48.0,1.0,16.0,0.14539369382779951
1703630254,0.2729857882832986,0.24024581600492081,0.047872071502033056,0.0,17.69150006942466,1122817101.0356057,993936372.675882,10.226894819222768,10.499264366414986,8.799996484080847,5057.0,0.0,0.0,46.0,1.0,16.0,0.0327399722783778
1703630255,0.29300938228196843,0.23291550757954183,0.04597187143544415,0.0,17.222684127247597,1122988328.3413386,996254789.8693453,12.199158345604593,18.50290253124646,8.539555015018884,5057.0,0.0,0.0,50.0,1.0,16.0,0.06009387470242661
1703630256,0.3064934647045912,0.2964297315121663,0.03771842948562604,0.0,17.17944879327055,1123227765.5848856,998465418.6668715,15.26541913309662,12.440397283821852,8.3536923606573,5057.0,0.0,0.0,45.0,1.0,16.0,0.010063733192424928
1703630257,0.23451882551920283,0.2334884743029833,0.039507482590148864,0.0,17.41408466456079,1123437022.7962823,1000787883.8784983,7.355671307822303,10.348279530162323,8.990217178007597,5057.0,0.0,0.0,44.0,1.0,16.0,0.0010303512162195272
1703630258,0.23702691288991592,0.31277787890311376,0.03616312196095782,0.0,16.83067393759743,1123639061.2696471,1003084299.1597308,20.158980655248858,16.9376080880676,8.986068555769803,5057.0,0.0,0.0,54.0,1.0,16.0,0.07575096601319783
1703630259,0.3216809173936984,0.35549419456558573,0.022741017486295093,0.0,17.69014518965399,1123881639.64013,1005441732.9223163,7.255322976990044,11.120596890793149,8.750575521693513,5057.0,0.0,0.0,49.0,1.0,16.0,0.03381327717188731
1703630260,0.25921520120584657,0.2583249337744643,0.05045518090342273,0.0,17.035209040822206,1124029242.4003325,1007738548.8853397,15.894614340862434,5.685717623432986,8.834129734136496,5057.0,0.0,0.0,46.0,1.0,16.0,0.0008902674313822634
1703630261,0.23839148896297385,0.32999921550026234,0.043239156009807315,0.0,17.04601618286975,1124233568.9598823,1010007913.1454238,9.741724073653542,13.222990711438506,8.799234152127013,5057.0,0.0,0.0,43.0,1.0,16.0,0.09160772653728849
1703630262,0.2829068478554757,0.2859081648567505,0.04257165471866621,0.0,17.415486395894803,1124450393.9767714,1012330909.2434225,8.535806532935323,10.362948548225983,8.963265639618138,5057.0,0.0,0.0,40.0,1.0,16.0,0.003001317001274817
1703630263,0.35044221320536106,0.300121949012368,0.00399894086269164,0.0,17.15205547921232,1124643675.7423043,1014625587.8072811,3.459517002473955,12.484146360407836,8.704254646471208,5057.0,0.0,0.0,42.0,1.0,16.0,0.05032026419299307
1703630264,0.26205352928794273,0.24686402947347352,0.050816628046849464,0.0,16.986292513345578,1124889497.3110647,1016867311.12905,15.19522909027754,13.012086396656784,8.900972060885426,5057.0,0.0,0.0,48.0,1.0,16.0,0.01518949981446921
1703630265,0.3136841329046591,0.31396359176236227,0.0705266842947099,0.0,17.305235607007987,1125064906.0938196,1019148914.6844281,13.002379683632828,10.473746085367647,8.603500366565843,5057.0,0.0,0.0,48.0,1.0,16.0,0.00027945885770319645
1703630266,0.2885037679277414,0.2761769877469814,0.03406730765848425,0.0,17.19544320388005,1125299233.3633082,1021370318.9530303,9.715874171685421,8.066805273816737,8.67979940452853,5057.0,0.0,0.0,46.0,1.0,16.0,0.01232678018076
1703630267,0.2928470624078717,0.33224226501016874,0.05483062191831541,0.0,17.73162324633067,1125416736.5516794,1023760599.2475584,10.541002910527046,12.076738658066734,8.951416480547046,5057.0,0.0,0.0,41.0,1.0,16.0,0.03939520260229701
1703630268,0.32781428076997027,0.29683131629057014,0.05185100850384851,0.0,17.466529495834532,1125624957.251865,1026122110.1656086,13.495453383330185,10.740953614068262,8.57575997272518,5057.0,0.0,0.0,44.0,1.0,16.0,0.030982964479400132
1703630269,0.199625061225645,0.30861335550238667,0.0705190462526154,0.0,17.26487511825284,1125800796.9226382,1028449215.6429566,16.832151031834837,9.140774956243447,8.775959890664847,5057.0,0.0,0.0,43.0,1.0,16.0,0.10898829427674167
1703630270,0.23237908417871606,0.2664592785949977,0.03076516841682807,0.0,16.949625185116222,1125885660.6991804,1030654926.8829092,10.502251210995938,6.900057195348371,8.862981574451956,5057.0,0.0,0.0,47.0,1.0,16.0,0.03408019441628163
1703630271,0.2601812145253553,0.26694856073645234,0.0394100705459365,0.0,16.870507933142125,1126033329.6615198,1032918509.0653391,15.006097842705676,8.98627846395472,8.801550534343601,5057.0,0.0,0.0,54.0,1.0,16.0,0.006767346211097036
1703630272,0.279682926855723,0.31354518843970597,0.043470479269035425,0.0,16.480390517677584,1126211299.7013288,1035094832.0317345,4.696843614443289,9.634008966099124,9.032030505578952,5057.0,0.0,0.0,46.0,1.0,16.0,0.03386226158398298
1703630273,0.2604684734548755,0.2754865370527886,0.059333065712722746,0.0,16.73578275642024,1126392759.4137285,1037367775.745757,16.710915630533897,11.23710633825897,8.770837569150812,5057.0,0.0,0.0,50.0,1.0,16.0,0.015018063597913078
1703630274,0.3042133272914374,0.30177154005359413,0.0022692665570914344,0.0,17.10186032582607,1126641471.0616114,1039676840.5007874,13.863900892152927,10.520609954471006,8.919259187958057,5057.0,0.0,0.0,46.0,1.0,16.0,0.0024417872378432737
1703630275,0.28040538079860305,0.255853703698081,0.03869126113915364,0.0,17.04394894060408,1126727160.9234047,1041888002.6589378,11.912827102245503,12.690123164534484,9.072441771687533,5057.0,0.0,0.0,48.0,1.0,16.0,0.02455167710052203
1703630276,0.22954498266239165,0.3153366402343368,0.05909142803620426,0.0,17.398533267001767,1126889018.202926,1044201401.5151173,12.747752976467883,13.98941682640614,8.937675074520577,5057.0,0.0,0.0,51.0,1.0,16.0,0.08579165757194512
1703630277,0.34425096792012044,0.25494764722946495,0.06917637453234945,0.0,17.169180957118723,1126986534.713785,1046472388.069646,13.260987963855193,13.371291299674656,9.103297271976047,5057.0,0.0,0.0,42.0,1.0,16.0,0.0893033206906555
1703630278,0.3604857059427003,0.3118941809264786,0.04008410264465309,0.0,17.5239234032016,1127200739.6420174,1048859725.3750557,19.970225764858874,13.591579893619196,8.661048026535216,5057.0,0.0,0.0,50.0,1.0,16.0,0.048591525016221715
1703630279,0.1779477037030549,0.3083515595413047,0.04036437388913463,0.0,17.324430709503947,1127447072.2798002,1051188499.2721344,9.679624469176142,12.188533759887108,8.868506036969631,5057.0,0.0,0.0,52.0,1.0,16.0,0.13040385583824982
1703630280,0.3802140957389055,0.3080703822433485,0.01965161676385452,0.0,16.63664763558455,1127558440.0496614,1053399299.9303583,7.70570489047451,15.140055398518546,8.602925145755997,5057.0,0.0,0.0,52.0,1.0,16.0,0.07214371349555704
1703630281,0.22256587846072395,0.2863784466150057,0.0332245125913108,0.0,17.0004785720694,1127728380.961829,1055669751.5475825,14.509948334545824,16.23546835087555,8.706852158428116,5057.0,0.0,0.0,51.0,1.0,16.0,0.06381256815428177
1703630282,0.2732180958208217,0.2637004273225352,0.03566315718516751,0.0,16.979704492582446,1127922554.556714,1057934270.2977917,19.973289560096266,11.15191460642403,8.819876825950598,5057.0,0.0,0.0,44.0,1.0,16.0,0.009517668498286502
1703630283,0.2920833343328857,0.28939533243683835,0.02147844862795013,0.0,17.15440362456577,1128165820.6699026,1060163568.2344941,7.265680820623895,8.231040923093037,8.701593527964127,5057.0,0.0,0.0,43.0,1.0,16.0,0.002688001896047343
1703630284,0.3499579974460417,0.2889904129129584,0.09088565559824821,0.0,17.069048411112906,1128312084.7053502,1062388707.7408466,19.361401675172694,8.09857354161987,8.937854926559552,5057.0,0.0,0.0,48.0,1.0,16.0,0.06096758453308332
1703630285,0.27480278305433065,0.2802891125755452,0.05324401993986491,0.0,0.1487555849647072,1128560757.7610283,1062588449.4127073,10.22320820480003,9.300969815843196,8.521019751693652,5057.0,0.0,0.0,53.0,1.0,34.0,0.005486329521214528
1703630286,0.2860191104750923,0.2202530086332761,0.035808786831296784,0.0,0.23942874694717503,1128656711.6634266,1062659667.1962361,18.511305318061783,14.071796364965609,8.705758831973531,5057.0,0.0,0.0,46.0,1.0,34.0,0.06576610184181622
1703630287,0.2676741111848702,0.26836148595990844,0.02796721470489394,0.0,0.11565850414890266,1128737106.5238943,1062761270.0531224,15.499005905964149,17.756681439751663,8.882505586515032,5057.0,0.0,0.0,52.0,1.0,34.0,0.0006873747750382186
1703630288,0.29904306679180737,0.28843210137442055,0.04540677219885053,0.0,0.21551738675828772,1128827071.7622848,1062831242.6366962,8.535321116496577,11.355664729675222,8.597424244168593,5057.0,0.0,0.0,53.0,1.0,34.0,0.01061096541738682
1703630289,0.25396521660040466,0.25981115901341406,0.04903152404708336,0.0,0.10063599785760204,1129052746.9460986,1062912296.9486878,15.400077921654638,6.3787231859727065,8.728286655971111,5057.0,0.0,0.0,41.0,1.0,34.0,0.005845942413009397
1703630290,0.30938749362551826,0.274080400601822,0.05956816692840822,0.0,0.2636566541842509,1129281895.7881002,1062989992.520209,16.107340967156162,5.943003747568952,9.023240394886011,5057.0,0.0,0.0,54.0,1.0,34.0,0.03530709302369628
1703630291,0.247788153217343,0.3153675431853193,0.05487894549089936,0.0,0.10988931960511282,1129409791.5948875,1063068560.5363874,4.45162008859803,12.659276741637308,9.003162465272347,5057.0,0.0,0.0,47.0,1.0,34.0,0.0675793899679763
1703630292,0.2970293718719842,0.26526985499635347,0.034318239518398554,0.0,0.1916594741287189,1129547013.4095292,1063255016.8723289,13.78246179252971,6.199173918912901,8.77538116347183,5057.0,0.0,0.0,47.0,1.0,34.0,0.03175951687563072
1703630293,0.2938976328784518,0.2599264925560234,0.06641442754932252,0.0,0.19663185135200298,1129787359.6909792,1063432305.2804589,13.572680243565452,15.987412200911002,8.987965684868799,5057.0,0.0,0.0,46.0,1.0,34.0,0.03397114032242837
1703630294,0.2917321150948249,0.31542179963175715,0.0016100194473846058,0.0,0.37581525071846206,1129919601.0297456,1063567184.904161,14.935088074285146,12.797364803635096,8.843863366483694,5057.0,0.0,0.0,40.0,1.0,34.0,0.023689684536932265
1703630295,0.23754923913889597,0.2697920920232274,0.02859080008159342,0.0,0.24861988782683925,1130042369.1685026,1063708726.1599939,18.754857926690075,14.946273566241743,9.024841813194504,5057.0,0.0,0.0,53.0,1.0,34.0,0.03224285288433143
1703630296,0.3394530182018337,0.3669770019200453,0.06532249332442999,0.0,0.33842485570991854,1130203272.5275588,1063881957.8998808,12.43598976611717,3.428279509911926,8.893367861266341,5057.0,0.0,0.0,48.0,1.0,34.0,0.027523983718211575
1703630297,0.36784357680983604,0.28867181160162025,0.024992582212841674,0.0,0.10997414027749727,1130334962.332768,1064062100.7015369,16.08160044112218,11.649267924866235,8.933679948896822,5057.0,0.0,0.0,53.0,1.0,34.0,0.07917176520821578
1703630298,0.23393424428682189,0.2834766904422311,0.04698733238814825,0.0,0.3301312961844488,1130522738.9422693,1064164714.0735794,7.901156741974465,8.190820046696418,8.698074995173663,5057.0,0.0,0.0,49.0,1.0,34.0,0.04954244615540923
1703630299,0.24848834404453768,0.28763842253825384,0.0009025552187400601,0.0,0.11362894898254935,1130757808.067753,1064361691.4093953,19.688568274983044,9.821411298605666,8.939752494298862,5057.0,0.0,0.0,41.0,1.0,34.0,0.039150078493716156
1703630300,0.34469128703358776,0.3260394985925624,0.06638753550362163,0.0,0.15399550947967894,1130884862.1228335,1064505957.9355015,8.08891375696945,12.581673773710806,8.843023704534493,5057.0,0.0,0.0,42.0,1.0,34.0,0.01865178844102533
1703630301,0.36846093073732666,0.27733796054131205,0.022251527242513076,0.0,0.15960856260737158,1131054676.8034382,1064701843.5549657,18.00629984728271,15.647100651168701,8.641160520071614,5057.0,0.0,0.0,48.0,1.0,34.0,0.09112297019601462
1703630302,0.3188357583705511,0.24564992733689833,0.03152701704108432,0.0,0.11454899175700044,1131222054.272567,1064779240.0335243,13.164952152563256,14.819538616638253,8.840136040624671,5057.0,0.0,0.0,52.0,1.0,34.0,0.07318583103365278
1703630303,0.3488239937989578,0.2773980976132194,0.032357921952925785,0.0,0.02,1131375326.2245746,1064889951.6594113,19.663997772217723,11.973218579707334,8.836413572099818,5057.0,0.0,0.0,42.0,1.0,34.0,0.07142589618573841
1703630304,0.31834974822222734,0.2842527761388511,0.0163240960647579,0.0,0.1381514243020678,1131512543.1453483,1065053281.4666512,13.08395107133058,13.862377657546428,8.782492853844667,5057.0,0.0,0.0,43.0,1.0,34.0,0.034096972083376254
1703630305,0.30191101338244547,0.2543699500815671,0.03776289082233215,0.0,0.17841064261047404,1131619551.1114688,1065231591.7282556,20.850380197501476,14.54113390795127,9.005150598918961,5057.0,0.0,0.0,52.0,1.0,34.0,0.04754106330087837
1703630306,0.27135531933410467,0.3793426884220118,0.029778254347075296,0.0,0.17417058053081555,1131718889.1345606,1065289934.6412289,12.418514316003549,11.139234490367707,8.761290060174948,5057.0,0.0,0.0,43.0,1.0,34.0,0.10798736908790713
1703630307,0.3401382262441975,0.26266577615903497,0.027360090765319776,0.0,0.16664065215521467,1131957217.0867665,1065357514.7421775,16.47141755519493,2.2741429730330065,8.590406666322176,5057.0,0.0,0.0,42.0,1.0,34.0,0.07747245008516251
1703630308,0.2729046426628042,0.29177982356468524,0.03337670314915653,0.0,0.08042915675541909,1132157354.0228932,1065494115.0383003,14.458888131841817,11.364484909610974,9.080174242891395,5057.0,0.0,0.0,41.0,1.0,34.0,0.01887518090188106
1703630309,0.348977737140077,0.28596082035597364,0.03635520490622437,0.0,0.20684101929849835,1132356999.4871976,1065600974.1860745,15.934952174907442,5.134182548932362,8.617837085919545,5057.0,0.0,0.0,43.0,1.0,34.0,0.06301691678410337
1703630310,0.2961470590486401,0.30705023726183456,0.042034527741591984,0.0,0.20051766631800116,1132568668.657151,1065761564.2233393,14.269933866888257,12.66939332621191,8.971673477279728,5057.0,0.0,0.0,49.0,1.0,34.0,0.010903178213194475
1703630311,0.2864938506982594,0.2866545463592566,0.08508637140958886,0.0,0.28311716090524797,1132753928.9841256,1065817279.6583058,8.134380083104773,13.015785909425158,8.88704942437493,5057.0,0.0,0.0,40.0,1.0,34.0,0.0001606956609971899
1703630312,0.2753446441575905,0.2846652516198382,0.0590675272589037,0.0,0.125499262661005,1132910444.0094547,1065888253.1024592,18.33102687708849,12.742783897781294,8.838098893497497,5057.0,0.0,0.0,46.0,1.0,34.0,0.009320607462247665
1703630313,0.28402115207081086,0.36084188255440397,0.060557997300114894,0.0,0.16158249354380214,1133150011.8907256,1066065260.6953424,12.52677217692272,13.749959414783868,8.878121639648834,5057.0,0.0,0.0,46.0,1.0,34.0,0.07682073048359311
1703630314,0.23580991936085866,0.3073056806379071,0.0013532003854522245,0.0,0.17803386947227864,1133397707.3811982,1066239937.4549007,12.261359223350919,6.9371142377543045,8.797471356152299,5057.0,0.0,0.0,41.0,1.0,34.0,0.07149576127704843
1703630315,0.31212163158645356,0.2383834087565094,0.04712493723846318,0.0,0.23418895087322228,1133637318.2172604,1066439481.4978983,15.538338636087406,15.21949780424259,9.024418071573063,5057.0,0.0,0.0,45.0,1.0,34.0,0.07373822282994416
1703630316,0.3502400409535077,0.2979556202510338,0.049317884470203605,0.0,0.2812665588401331,1133766874.9204986,1066572828.4081932,9.908156032767089,7.652401150063545,8.59216538779203,5057.0,0.0,0.0,50.0,1.0,34.0,0.05228442070247391
1703630317,0.2731438502610693,0.2977901464887179,0.003761809134010162,0.0,0.23090121294476001,1133925599.0629823,1066665540.4436173,15.583492437290332,12.649648143874677,8.920797281762798,5057.0,0.0,0.0,53.0,1.0,34.0,0.02464629622764858
1703630318,0.27195720854089034,0.33909671596854873,0.07786229327711368,0.0,0.17738854368217938,1134150101.610095,1066746059.2870312,9.804190471097295,7.7295183939437635,8.77170027517533,5057.0,0.0,0.0,51.0,1.0,34.0,0.0671395074276584
1703630319,0.2837133183337541,0.310459589080824,0.020285045980364763,0.0,0.20236386863560457,1134342802.870224,1066828142.437933,7.83466345639288,14.882669613035416,8.501413863756442,5057.0,0.0,0.0,49.0,1.0,34.0,0.026746270747069867
1703630320,0.3332367268712719,0.31299745863587286,0.03668206979704749,0.0,0.20730365529178188,1134535254.6626787,1066914785.4508562,16.863082740768984,3.401699454968732,8.72593549833513,5057.0,0.0,0.0,46.0,1.0,34.0,0.020239268235399066
1703630321,0.30043652812355526,0.28162672241770703,0.003930999744926077,0.0,0.1515987328956922,1134779708.1528192,1067039794.6372579,9.94776612959053,6.781536669120721,8.863688148110997,5057.0,0.0,0.0,40.0,1.0,34.0,0.018809805705848226
1703630322,0.28257433519668296,0.2438682429920339,0.0617020695705124,0.0,0.2186211250577048,1134932839.4603748,1067138349.0377997,15.832632727476792,10.54478099470319,8.730001956863923,5057.0,0.0,0.0,51.0,1.0,34.0,0.038706092204649045
1703630323,0.2598908012905479,0.29003739935258677,0.042216940294222086,0.0,0.18819381220882422,1135078775.51114,1067294161.2371595,11.774174878985631,9.027701915729653,8.99148018219527,5057.0,0.0,0.0,51.0,1.0,34.0,0.030146598062038843
1703630324,0.3106897296657785,0.2904027756904565,0.009736950307688414,0.0,0.11219350592450596,1135244332.582741,1067433772.3683985,12.645226333938792,11.380897138873092,8.656907302654508,5057.0,0.0,0.0,54.0,1.0,34.0,0.020286953975321986
